date,log_return_pct,high_vol_probability_filtered,high_vol_probability_smoothed
2016-08-02,-0.07683442560092923,0.0366704797105592,0.010891856842672389
2016-08-03,0.6283064114520169,0.08084263651966694,0.01682342801726697
2016-08-04,0.3659656417530352,0.05125835487241386,0.009329859149435384
2016-08-05,-0.281980143401621,0.03325864655755619,0.005798363020290251
2016-08-08,0.14489993002375842,0.021015460950065148,0.0037967740640120666
2016-08-09,-0.12963741473161702,0.017680378090016158,0.0033366735786400244
2016-08-10,-0.030527360383606737,0.015697350903939165,0.003073820378029953
2016-08-11,-0.13748856427945316,0.016346667341742248,0.0032288934886353328
2016-08-12,0.11458692671227,0.01589578852557364,0.003188440489375578
2016-08-15,0.061059382144323396,0.015295389221774586,0.0034634663428904514
2016-08-16,-0.33628891368397146,0.02326103918016147,0.0052300363014891
2016-08-17,0.3744321036799378,0.027754729893237032,0.005398061049197975
2016-08-18,0.03050408015723352,0.018241215391892482,0.003720026141928559
2016-08-19,-0.04575961031648642,0.01592746857059154,0.004263759428378006
2016-08-22,0.532563644608009,0.04108998354638036,0.008380374278525372
2016-08-23,0.2273761779974225,0.02582375591253855,0.004910080728296573
2016-08-24,0.18908601481413503,0.019936400643196912,0.0038701597872311502
2016-08-25,0.18118682293320482,0.018039739205994682,0.0037626514049324718
2016-08-26,-0.0905523756412076,0.01628720086809319,0.004475784144972818
2016-08-29,0.4820012344232549,0.03447950431630893,0.008857064311167343
2016-08-30,-0.46690347641164176,0.04549197342751722,0.009366350133731358
2016-08-31,0.2638424507462385,0.028965410462765122,0.005549203870135376
2016-09-01,-0.022587810207843284,0.01859742563859174,0.004325523006884201
2016-09-02,-0.05272474042225489,0.0160685680292946,0.006738326276335548
2016-09-05,-0.5893926688777801,0.055779708782964586,0.019357653358708725
2016-09-06,-0.5319161477599933,0.07306784763424436,0.020395738439448887
2016-09-07,-0.5117835713245746,0.07964317663651958,0.016305949107286714
2016-09-08,0.09185548716888431,0.032953081039104395,0.008109951428020637
2016-09-09,0.007650816728408351,0.01956947360432979,0.010832561826345722
2016-09-12,0.800095707192455,0.14511227106914515,0.032813206590302214
2016-09-13,-0.03036283612213747,0.05136731680815238,0.012866078807426847
2016-09-14,0.5224711843501859,0.06288611624566173,0.013316183664497721
2016-09-15,-0.37832974908369926,0.04740266336271497,0.009450774215967829
2016-09-16,-0.35693981318158047,0.03808359621378158,0.007018883871372375
2016-09-19,0.14444827083036232,0.022359711454872106,0.004534229048728225
2016-09-20,-0.182495678358554,0.01925211952393533,0.005240734282589824
2016-09-21,0.14450320041211204,0.01712027064139688,0.009498625153889077
2016-09-22,-0.7628965899364416,0.1278250401607276,0.029563893892719493
2016-09-23,0.030627871602365127,0.04600040658534581,0.010985111351597042
2016-09-26,-0.06892590738126493,0.023537853590161976,0.010403780480305394
2016-09-27,-0.10731259653175042,0.017997958176321216,0.02543459730286949
2016-09-28,-0.9400593191456693,0.3178802857820098,0.09507064226915882
2016-09-29,0.030962149020470106,0.1098311255727502,0.03517532514666972
2016-09-30,0.6326205329099668,0.153569311643792,0.030033696928132857
2016-10-03,-0.2849553316378883,0.07271566063231685,0.012294803556405793
2016-10-04,-0.030854674727968077,0.030420323331011218,0.006732642727639258
2016-10-05,0.530913415724472,0.05062089145867023,0.009799983982000198
2016-10-06,-0.13054330899766098,0.026046845860264633,0.006144855173434054
2016-10-07,-0.06918021721774588,0.018176772605237174,0.008667647100989996
2016-10-10,-0.2926230333867637,0.0220012301888813,0.02529972886118811
2016-10-11,-0.3166881726043496,0.02469905058659807,0.07690517107289187
2016-10-12,1.092570689812009,0.5886893494923313,0.23541921864227375
2016-10-13,-0.37566648235636796,0.35289715859547316,0.08411613550856648
2016-10-14,0.1918429011812609,0.1374788113433349,0.02538319868462451
2016-10-17,0.36730987118612846,0.07649238321108894,0.012556302986910569
2016-10-18,-0.3136597453543411,0.04556679040456778,0.007654611175130993
2016-10-19,-0.23781224049674357,0.02862314876363037,0.005650802358260903
2016-10-20,-0.36934483353516095,0.031147281067834817,0.006200130692608396
2016-10-21,0.25407104555433035,0.023774706642921105,0.004984819214587193
2016-10-24,0.34542348680876034,0.025972588558854537,0.0054406810236181545
2016-10-25,-0.29161251575974323,0.024744724292913307,0.005251843626358702
2016-10-26,-0.27705112380479213,0.023555241379074478,0.005143614293357518
2016-10-27,0.369231188712737,0.027497625266445523,0.005443823172314404
2016-10-28,0.222418314646816,0.021428374244113826,0.004163803145727161
2016-10-31,0.076581409777339,0.016847638147822343,0.003777019882902426
2016-11-01,-0.38349487098059243,0.027113448971133068,0.0055599128559334614
2016-11-02,0.19193127077272612,0.020389773644201338,0.004161563061016305
2016-11-03,0.061340287155664544,0.016464865619169884,0.004289721983442659
2016-11-04,0.16849203649194455,0.01678442925716142,0.008051354157315333
2016-11-07,0.35901195800132063,0.024073238077976757,0.023655217729384063
2016-11-08,-0.21372422454933904,0.020721412011063197,0.06581508930983528
2016-11-09,-0.3521130398578825,0.02646599621748551,0.23028317711349644
2016-11-10,0.7334435812606381,0.11462601091567184,0.6929726556575981
2016-11-11,3.3754373810966403,1.0000000000000002,1.0
2016-11-14,-1.8270096011013839,0.9999980374945051,0.9999997578431012
2016-11-15,0.8731072964254969,0.9646549388702697,0.991289913482317
2016-11-16,-1.0907025801798416,0.9921211123606283,0.9713479380629189
2016-11-17,0.41227898433124954,0.7450424518014167,0.5115025720272053
2016-11-18,0.32114744357104885,0.43223789162259313,0.33963665394933773
2016-11-21,0.5057653027329402,0.31933817860348446,0.31226174464743917
2016-11-22,-0.49830901521504395,0.24544455829778997,0.33173004889376845
2016-11-23,0.14900911712576723,0.08913873198523775,0.39830942388113755
2016-11-24,1.2944446433481673,0.9457399611282681,0.7671323369472463
2016-11-25,-0.3607587199947552,0.6716139549136817,0.3750541359510016
2016-11-28,-0.5769673524612938,0.5984508539082074,0.23964733898627322
2016-11-29,-0.007418672802839209,0.24437216620411442,0.12781642087798475
2016-11-30,0.17049038635462213,0.09072020313813925,0.12829045258937385
2016-12-01,0.5171024302304866,0.08746514243656152,0.23063704687697043
2016-12-02,-0.39867162438213444,0.06221461480068877,0.41615123818751043
2016-12-05,0.8984521737153665,0.3515391551280536,0.8839389187842774
2016-12-06,-1.5068980665269782,0.9986980923564432,0.9993397024152728
2016-12-07,-1.047443363695389,0.9908845928803846,0.9525125892007409
2016-12-08,-0.14300231993273665,0.6328646300170409,0.2662753846692762
2016-12-09,0.218184640593077,0.29854935981838243,0.10706161807857333
2016-12-12,0.382553067527248,0.16110346362809186,0.07549954534982337
2016-12-13,-0.5932061698000733,0.18757765394060036,0.08223894181612287
2016-12-14,0.015061375132026827,0.06423911229463404,0.08261471613337347
2016-12-15,1.033794509240849,0.5932817228876222,0.17089349768710127
2016-12-16,-0.05218234118931708,0.24369285648799885,0.04119749903641932
2016-12-19,-0.20900209145656806,0.09742376992510075,0.01336999807932927
2016-12-20,-0.09718537003855647,0.03869459434881281,0.006024638066096195
2016-12-21,0.3807253301817104,0.03481222988717489,0.005699704864247367
2016-12-22,0.13402831492583592,0.021229778450036402,0.003691237004614046
2016-12-23,0.07438262764849111,0.016777570190183135,0.0031243533127052556
2016-12-26,-0.05206202936379753,0.015589146863953442,0.003029263390641919
2016-12-27,0.0,0.015072680928895923,0.0031136338230213978
2016-12-28,-0.09675859487358597,0.01557019984517232,0.0038194183232046685
2016-12-29,0.453212262062621,0.03096710420659659,0.006458976031479957
2016-12-30,-0.17806800965753472,0.02167374637342753,0.004799433219739966
2017-01-02,0.3410189382409875,0.024889253392006247,0.005717224124298051
2017-01-03,-0.04441483528487497,0.0176549145244557,0.006590137639899883
2017-01-04,-0.46755066805344764,0.03581758079744742,0.016648793084810588
2017-01-05,-0.709196358298813,0.12544964648186357,0.02779864977028291
2017-01-06,-0.21749736702340972,0.05433017066407551,0.010293418345496394
2017-01-09,0.23997011890643355,0.03062423329376157,0.005785133256938496
2017-01-10,-0.27751752294460297,0.025634586224037324,0.005011149230688106
2017-01-11,-0.1728998739316217,0.0199567051565168,0.004425379839071712
2017-01-12,-0.37690380815758934,0.027977979788788424,0.005765855890274831
2017-01-13,0.12830674615800933,0.019241797599407282,0.004469962688407529
2017-01-16,0.41398576305803575,0.029137012481627866,0.0064300086756308265
2017-01-17,0.2700474223815249,0.023816659232847766,0.006045353964063672
2017-01-18,-0.39782375605029036,0.03152387362039956,0.00870753395500323
2017-01-19,0.5550153000759438,0.05626630535966769,0.01089464140685089
2017-01-20,0.05981755823644712,0.026002049599350707,0.005077502938065136
2017-01-23,0.209080123954954,0.020551942439798923,0.0048555970184790825
2017-01-24,-0.45605850792785096,0.03605822471673526,0.007258154695023885
2017-01-25,-0.022482856916381154,0.020460868106537015,0.004443224426260693
2017-01-26,-0.19506345745451154,0.01903703552405125,0.005553277179229267
2017-01-27,0.5317767090982239,0.04307094232529304,0.010585774947816276
2017-01-30,-0.45670726634152553,0.04880805541150519,0.009270179123935098
2017-01-31,0.09000900697691978,0.02433176803565201,0.00436263112245713
2017-02-01,0.05246786463728451,0.01744039157419716,0.0032588247281528857
2017-02-02,0.11233852520121158,0.016160471810112934,0.0031144390583296316
2017-02-03,-0.10484536270849168,0.015965579426604797,0.0031100000648714666
2017-02-06,-0.05996102713003165,0.015436525569542475,0.0030316493486666476
2017-02-07,-0.09000900697691447,0.01558742054028011,0.003086046651148112
2017-02-08,-0.12013817333251355,0.0160302324667887,0.0031629899554163196
2017-02-09,-0.06012325447908216,0.015454700335647779,0.003117079718681864
2017-02-10,-0.1053027551235662,0.015781748435247267,0.003437541481593294
2017-02-13,0.35307853229837627,0.023320386974032208,0.004549670688920185
2017-02-14,-0.09002926559027222,0.017693806299083382,0.003376376968957588
2017-02-15,-0.015012760874913616,0.015642963863825965,0.003016033119519654
2017-02-16,-0.03754176565471844,0.01520510827272704,0.0029694796972821497
2017-02-17,0.03754176565472841,0.01501254296953778,0.0030175896958559694
2017-02-20,0.21746474769327026,0.01749554003322271,0.003394151893450089
2017-02-21,-0.022474435424416413,0.015616116217688259,0.0030407189354017708
2017-02-22,0.08238158114297912,0.015372505890683907,0.0030461233557569287
2017-02-23,-0.14983520933296557,0.016484549304184557,0.003252827301637823
2017-02-24,-0.09751341582063183,0.01595713805881569,0.0031334992000673443
2017-02-27,-0.00750497204749664,0.015178290800097376,0.0030850953650639465
2017-02-28,0.11251548274738464,0.01555897540428215,0.003561179935352709
2017-03-01,0.3890764354522065,0.025550178539710394,0.005394448563450006
2017-03-02,0.00746742336904747,0.017638844770053744,0.004758339998104024
2017-03-03,-0.14197648564600296,0.016969523364567557,0.008930057213576308
2017-03-06,-0.7129218593691874,0.0995224031896705,0.02694009587173892
2017-03-07,0.4808423990356035,0.08263602614522304,0.015834085971427426
2017-03-08,-0.04498088388308193,0.033341941129641325,0.006544695433906431
2017-03-09,0.23966458445996747,0.023882181932759657,0.00614714248276697
2017-03-10,0.26147712032669324,0.021721494088711015,0.009972734438973728
2017-03-13,-0.4261848014944834,0.03330833021183656,0.02491805673850742
2017-03-14,0.194625407643741,0.022293323367612822,0.05267636701844465
2017-03-15,0.13451911452288595,0.017788287081271902,0.17606637078728812
2017-03-16,-1.300427992741146,0.9073120709685738,0.7227665310912406
2017-03-17,0.4981142374696498,0.7122802934524626,0.3111090509043742
2017-03-20,0.35321120402510847,0.4234852568676959,0.09614320753768715
2017-03-21,0.015002625487586178,0.1533341819527557,0.023599117106403052
2017-03-22,-0.1801802289262911,0.06082356029199913,0.008364750001507736
2017-03-23,0.14266944413596816,0.028793826337270744,0.004327163225374253
2017-03-24,-0.06755489091592512,0.018890170979483104,0.0032806826645522115
2017-03-27,0.015016142381235048,0.015918018349951563,0.0030014388276289566
2017-03-28,-0.09013069560127757,0.01571689370711736,0.003032532273932782
2017-03-29,0.0075139948188686825,0.01510064728234195,0.002940174518642002
2017-03-30,-0.045092440265041625,0.015107584309993073,0.002982715505428838
2017-03-31,-0.030072927074254668,0.015030761481896318,0.003117520534894506
2017-04-03,0.2703313202951493,0.019169696504543133,0.003800576951433829
2017-04-04,-0.1425837921199136,0.01740955613300007,0.00341938484493995
2017-04-05,0.1200840732714725,0.016250853087968344,0.0032435899221799477
2017-04-06,-0.06752954674183947,0.01557458312958614,0.0034709046351721223
2017-04-07,0.22492137237520557,0.017870363195387606,0.004974647753318087
2017-04-10,0.1496670188832626,0.01682800504446977,0.009208640702292763
2017-04-11,-0.7656545435547312,0.1290600342455645,0.02851124525343424
2017-04-12,0.1505910984083539,0.049694048976907226,0.009021769370265645
2017-04-13,-0.10538995254307056,0.02518481949445979,0.004473934989720693
2017-04-14,-0.007532105603678383,0.017562502022773516,0.0034467641533132876
2017-04-17,0.08282197514426655,0.01588596860458366,0.003920260761548049
2017-04-18,-0.06022736009803527,0.0154178378551405,0.00698207316700286
2017-04-19,0.127939810490196,0.0158206671062977,0.021110345465724135
2017-04-20,0.3528664647191222,0.023323240690899236,0.08335254590007107
2017-04-21,-0.19504882402757537,0.019897169331949315,0.26742847836258765
2017-04-24,-1.6047577744638175,0.9964860647189553,0.9987709273687334
2017-04-25,0.14487783234855625,0.6366719075998193,0.95301804565474
2017-04-26,1.3546958602913364,0.9968879989837938,0.984423604531948
2017-04-27,-0.31621770063067,0.7093257588440289,0.4409555777846806
2017-04-28,0.6763891712495986,0.7117679950517192,0.27225852144578894
2017-05-01,-0.2174484416970174,0.3636389680263151,0.0715457004996594
2017-05-02,0.022516606092047406,0.1277988811559993,0.018444469165546273
2017-05-03,-0.22539453569251208,0.055868371035360506,0.00758348278506406
2017-05-04,0.06767171956433146,0.025974429540673763,0.004192344967465991
2017-05-05,0.27022985968511043,0.02277441290773507,0.004136436427632616
2017-05-08,-0.18758212215821413,0.01951595149429601,0.0036925697605427075
2017-05-09,0.06757010655376817,0.01627828093847456,0.0032805866667697
2017-05-10,0.26233946762418786,0.019286222616856454,0.0037963142694255768
2017-05-11,-0.04492363058480864,0.01619412499270312,0.0034447155747803072
2017-05-12,-0.30751946229741295,0.022024500739585704,0.004435756975981743
2017-05-15,0.08259808992220972,0.01705707853097382,0.003625167190822463
2017-05-16,-0.28562857662980795,0.021272958184831,0.004539951537568128
2017-05-17,-0.08283444880435753,0.017058080509551658,0.0045657431600202554
2017-05-18,0.3309268964697318,0.02257254222600419,0.008443522494166935
2017-05-19,0.6063573618040248,0.06111899731571217,0.01734709211100264
2017-05-22,-0.5312991881984137,0.07679194458287283,0.015304350248650275
2017-05-23,-0.24038473113945544,0.039300862973092744,0.006839355807897101
2017-05-24,0.0,0.021245513138243452,0.0037490905883315975
2017-05-25,0.04511617491370439,0.016601050762328547,0.00309991837140105
2017-05-26,0.0,0.015332543764951858,0.002991968102033276
2017-05-29,-0.1053027551235662,0.01574887907197891,0.0031585921222877567
2017-05-30,0.20298469549017065,0.01734170989699678,0.0033761479465725937
2017-05-31,0.03003679529979521,0.015541857388390465,0.0031036617121304303
2017-06-01,-0.18787815995034451,0.01737887784167013,0.003412181053833138
2017-06-02,-0.04514333083963086,0.01569924322610265,0.003095403366995178
2017-06-05,0.12033695796327284,0.015794883521101043,0.003182921089066089
2017-06-06,-0.15797197402603033,0.016766710413074357,0.0035132798626031085
2017-06-07,-0.18084550177845665,0.017563971979672778,0.004025148090733945
2017-06-08,0.406443431719838,0.027744072307138642,0.00547680244452816
2017-06-09,-0.15034205643180262,0.020000497248169772,0.003801625661826448
2017-06-12,0.01504438095209348,0.016204254479854928,0.0031674503537699695
2017-06-13,0.14280884835287147,0.016255564543958212,0.003306672389964353
2017-06-14,-0.2406378059989936,0.019184321146491396,0.003746836179103107
2017-06-15,0.0301114124527503,0.01601702530530536,0.0030953844425399522
2017-06-16,0.06019563763405786,0.015321822307307616,0.003008507235542633
2017-06-19,-0.12795907056250816,0.016081101151451234,0.003143721593249658
2017-06-20,0.06776343292843773,0.015385099950413324,0.003001026199436074
2017-06-21,0.03762651961463508,0.015059102607734708,0.0030223245713965714
2017-06-22,0.07521059319635157,0.015171184134767816,0.003384725649653365
2017-06-23,0.3002779825510016,0.020416445459012812,0.004947546618448499
2017-06-26,-0.42816966821689467,0.03285073839894761,0.0068011512241765056
2017-06-27,0.25562001739305695,0.024394530667010667,0.004597586550663615
2017-06-28,-0.0751145532200368,0.017801571639261195,0.0034030186482718544
2017-06-29,-0.0902120043137909,0.01621959721511089,0.0032309465059483303
2017-06-30,-0.13547078161247889,0.016455905135623353,0.0034645800323379592
2017-07-03,0.15051176832955337,0.016451981745010655,0.0041302677947668955
2017-07-04,0.49508765142469446,0.03617461607617003,0.007101072846703196
2017-07-05,-0.09732360865521836,0.02128713555967293,0.004003583692328537
2017-07-06,0.08984053909660616,0.01693189261875523,0.0033026793941440444
2017-07-07,0.14955510153134755,0.01656699466654546,0.0034435069318383763
2017-07-10,0.18662989254897483,0.0171945972442374,0.004143484672649572
2017-07-12,-0.4410068066131932,0.03252269121526555,0.006513915967403886
2017-07-13,0.1048218125328567,0.020115892396234694,0.0038776599746088436
2017-07-14,-0.1647693602254779,0.01815166036719102,0.003495148788533935
2017-07-17,-0.0674839751175857,0.016073422864967074,0.0031286465979973835
2017-07-18,-0.08254230761675468,0.01567400091647362,0.0031047854718351505
2017-07-19,-0.14273375070963398,0.016434906824944973,0.003226571963225873
2017-07-20,0.05260982421897772,0.015389721638380111,0.003067677985977132
2017-07-21,-0.045092440265041625,0.015182527925509438,0.003327648330176329
2017-07-24,-0.28605861120657194,0.020633106635768315,0.004646457497238772
2017-07-25,0.38373321230754903,0.027336097850492683,0.0052715769949156005
2017-07-26,0.09007657117083526,0.01853968035318361,0.0034873931225755514
2017-07-27,0.0075027197394141746,0.015826223946783746,0.00307491963338552
2017-07-28,-0.13513515569989581,0.01634107877998752,0.0031772576690867883
2017-07-31,0.06759040473610455,0.015451531586087204,0.0029868132166719972
2017-08-01,-0.015016142381248952,0.015065745926127784,0.002922193474992917
2017-08-02,-0.00750891684226901,0.014949377128933926,0.0029045105772994603
2017-08-03,0.0,0.014908545918788166,0.0029009335571222143
2017-08-04,0.01501726988857103,0.01489475660740883,0.002913466456644268
2017-08-07,-0.07510891144744605,0.015287990321368978,0.0029862792665687073
2017-08-08,0.04507211614763623,0.015060421552163404,0.0029481732966866545
2017-08-09,-0.06761579461997957,0.015263229416362958,0.0030202855069133283
2017-08-10,0.15019528206495691,0.016117710846443985,0.003136928504179089
2017-08-11,0.007503845724451677,0.015203527591058055,0.003015425857961573
2017-08-14,0.17992358103680164,0.016659004373583215,0.003241499208225895
2017-08-15,-0.06743341206342654,0.01568083589279691,0.0030545547469664584
2017-08-16,0.08990111483534342,0.015454937549757118,0.0030078741074723186
2017-08-17,-0.029958058941855246,0.015119850220049972,0.003003070049715153
2017-08-18,0.1646583711593591,0.016333556907694925,0.003222232562596626
2017-08-21,-0.12721219959279376,0.016346839742263343,0.0032189463228066346
2017-08-22,-0.08240009455332253,0.01574487651457035,0.0031421759520883965
2017-08-23,-0.14248755644827255,0.016450150603691732,0.0033128260557209223
2017-08-24,0.19493183560496788,0.017352045362812055,0.0034240536610070644
2017-08-25,-0.1349123274636563,0.016759926917352792,0.003308695898809858
2017-08-28,0.04499100255855521,0.0154396767764826,0.0032377953783543703
2017-08-29,-0.2702501457138304,0.02004368329333087,0.004085270806162713
2017-08-30,0.22525914315526743,0.019240315258294304,0.0036936604150241367
2017-08-31,0.007499906254682912,0.01600669595897978,0.0031006846654956528
2017-09-01,-0.09754268265425603,0.01582960056992351,0.0030971397445560527
2017-09-04,0.07504127622140748,0.015370695921314324,0.0030669646453520363
2017-09-05,0.1648928570287027,0.016408154784509344,0.003342743889720167
2017-09-06,-0.14989135685055296,0.016777090982726568,0.003699800127691324
2017-09-07,0.04499100255855521,0.015444106875656609,0.0048355731059223205
2017-09-08,-0.37554498095363376,0.025895454931506516,0.011326303402166216
2017-09-11,-0.6947094314678325,0.10357574274056261,0.02243840070418169
2017-09-12,-0.1592538159353184,0.043078762791322674,0.00819469005894841
2017-09-13,0.2425713742487664,0.027116107787431593,0.0050587729029087265
2017-09-14,0.25708898848273565,0.0225944081552743,0.004190624140251158
2017-09-15,0.15092064440215502,0.018160060991792397,0.0034177128437617573
2017-09-18,-0.07543185090264679,0.01615202921921694,0.0031255005750497455
2017-09-19,0.12066366471565519,0.015920646763353315,0.0031003642866938644
2017-09-20,-0.09048409605441514,0.015721680010953754,0.003092932196336778
2017-09-21,0.12816165198034699,0.015905770930910612,0.0031215530080144997
2017-09-22,0.0,0.015153958154980385,0.003142817227473178
2017-09-25,0.24831646756305606,0.018449476986288068,0.003865003824315315
2017-09-26,0.09765258991976711,0.01626144175611851,0.004224829179753479
2017-09-27,0.41957055631767726,0.028222572941998866,0.007792824042807652
2017-09-28,0.43270732988058386,0.03522682119711609,0.010366862725411416
2017-09-29,0.5567736442445124,0.05939901665731438,0.013428374778394227
2017-10-02,-0.31883762597590043,0.03932014646203699,0.009268123090993622
2017-10-03,0.4889623017944828,0.04881342503161695,0.00944778104803165
2017-10-04,0.03694535823603719,0.023829447481875255,0.005658908135648984
2017-10-05,-0.488781244159489,0.04243571380301369,0.00845543900678062
2017-10-06,-0.14115376958280906,0.023978115552507027,0.0048552609445704385
2017-10-09,0.3413985800700405,0.025797478297410803,0.004827206704247785
2017-10-10,0.09627134449626197,0.01819943106792742,0.003390608140174298
2017-10-11,0.0,0.015743656457851276,0.003007876820663143
2017-10-12,0.0,0.015112339626961496,0.0029468568881652916
2017-10-13,-0.08886256508927477,0.015488275559313952,0.0030328152872556805
2017-10-16,-0.04446091218109278,0.015204239696698308,0.0030087067593796636
2017-10-17,-0.11865916550974091,0.015903405069180077,0.0031527088486794155
2017-10-18,0.1408920925661554,0.016143004823925673,0.0031665709447574013
2017-10-19,0.1110905502139462,0.015799246132177584,0.003140142263060253
2017-10-20,-0.14814817524430285,0.01657193247513554,0.0033347256167531943
2017-10-23,0.19254986323790088,0.017331428198736416,0.00343492545701608
2017-10-24,0.14047542142210503,0.01652686881344994,0.0033777057605098165
2017-10-25,-0.07390983337193331,0.015706157857891537,0.0038301193363674078
2017-10-26,0.3469022189438529,0.022935227500849482,0.006469816125925436
2017-10-27,0.5217722658753454,0.044048383787174725,0.010141685958544162
2017-10-30,-0.4039519282399575,0.04181862251712175,0.00793693321009241
2017-10-31,-0.10308520167709159,0.02294448522330629,0.00425858851594874
2017-11-01,-0.14744915676454143,0.018571744881588727,0.0035380955827475666
2017-11-02,-0.007378168004233673,0.01585090906193111,0.0032408715312979173
2017-11-03,-0.07381163606445566,0.015527229350868386,0.003894232940518552
2017-11-06,-0.4662703189073324,0.03443528905932175,0.006934294466958552
2017-11-07,0.022252716777645697,0.0199697221574526,0.003915448637436245
2017-11-08,0.22965524780452967,0.01935342050280462,0.003715090709896434
2017-11-09,-0.08143021510775231,0.016531603446615403,0.0032581245271614662
2017-11-10,0.17758051281515638,0.016988031604009475,0.0033669342158782244
2017-11-13,-0.11095086015578635,0.016274185695015257,0.0034117860462822506
2017-11-14,0.30297455283800123,0.0209209881339537,0.0040957759260032405
2017-11-15,-0.059044949682041936,0.016726984620305738,0.003372063124902736
2017-11-17,-0.22912904070755968,0.018940810766666597,0.0037033350496571285
2017-11-20,-0.04440826066615982,0.016100856959532395,0.0031412261557798
2017-11-21,0.12577222092240253,0.01597512673527785,0.0031164313206049916
2017-11-22,-0.044372135027692904,0.015329957928630712,0.0030972670665753636
2017-11-23,-0.20733069255882836,0.01783715392318655,0.0034930058551439977
2017-11-24,-0.01482579691374008,0.01567939021006505,0.003041602844649966
2017-11-27,0.06669878336720496,0.015273800622614395,0.002977191983633034
2017-11-28,0.09626421566073069,0.015408322553677222,0.0030155341936695616
2017-11-29,-0.08144830334382427,0.01548656379315444,0.0030676746181411657
2017-11-30,0.029625240921747814,0.015063763420530285,0.003175535409033483
2017-12-01,0.27361821470856557,0.019302405917722924,0.004074825997003152
2017-12-04,0.14021625115625838,0.017062455661371222,0.004384749692130504
2017-12-05,-0.4879140307015875,0.03810641610250291,0.007723286654526993
2017-12-06,0.14070428507153115,0.02228472058471208,0.004259781543746769
2017-12-07,0.15528527540846943,0.018157413521590983,0.0035792820968553432
2017-12-08,0.14028872238450274,0.01674994064743205,0.0037049581939030203
2017-12-11,-0.3399855455251809,0.024060283317742556,0.0051781492086068305
2017-12-12,0.33260683310715494,0.02529218038515319,0.004812059620046076
2017-12-13,-0.007379256912172849,0.01759006029137395,0.003338125234529002
2017-12-14,-0.08120778564478406,0.01606142216191967,0.00310828856264872
2017-12-15,0.10334392297923334,0.01568975131196137,0.0030469059412358574
2017-12-18,0.10323723356259894,0.01559011479411356,0.0030257153352357216
2017-12-19,0.08840430810028907,0.015417554994360733,0.0029876991841934026
2017-12-20,-0.03682563105509319,0.015143077983266005,0.0029467384900022085
2017-12-21,-0.014734050417111694,0.014985700849712034,0.002939966755607474
2017-12-22,-0.08107610541776632,0.015371049661419986,0.003031394588318366
2017-12-25,-0.08114189210735262,0.015473537324114071,0.0030832069386258856
2017-12-26,-0.1403094422114775,0.016334855230328175,0.0032358405802855013
2017-12-27,0.14768869912365623,0.016370995187673383,0.003168208719001601
2017-12-28,0.04426410990752143,0.015336430853349896,0.00297788364323091
2017-12-29,0.0,0.015007830865612647,0.0029845434467437454
2018-01-01,-0.11808119453202712,0.015841318129287903,0.00324569271776806
2018-01-02,0.059058026225621146,0.01526988227354048,0.0036297589717042738
2018-01-03,-0.399320208204272,0.02765746185955502,0.005978917787847173
2018-01-04,-0.2076843944839117,0.02162351452613699,0.00490890548438569
2018-01-05,-0.39430174212406127,0.030183136467620754,0.005904304986232224
2018-01-08,0.08941212129835084,0.01929174166027544,0.0036352814375025413
2018-01-09,0.0,0.016025056415885645,0.0031487386966202054
2018-01-10,0.02234054445751164,0.01518871582767125,0.0033735573571941277
2018-01-11,0.08187265538649911,0.015256583230494636,0.004958494536953264
2018-01-12,-0.3577554684026133,0.024583028831430164,0.012096072381241482
2018-01-15,-0.7344157710001911,0.12318636193049495,0.02635578902492225
2018-01-16,0.0751879734669453,0.04525692651071179,0.008091460461911242
2018-01-17,0.007515689004327505,0.022816712259596222,0.004155011906397113
2018-01-18,0.22520841287970314,0.020086162434263873,0.003709982574620218
2018-01-19,-0.014998125262461321,0.016260486919559763,0.003102320423031158
2018-01-22,-0.0675194143960016,0.015577021046413488,0.0030516770499952666
2018-01-23,0.12749842354154559,0.015857537920927277,0.003132087030429803
2018-01-24,-0.04498088388308193,0.015303178818741775,0.0032409443279837083
2018-01-25,-0.285349746822967,0.020643824711784265,0.004161748138590627
2018-01-26,0.007519645076299666,0.016368665365028026,0.0035261108813103453
2018-01-29,-0.0225606317933831,0.01532576914030363,0.0046180027721189456
2018-01-30,0.5325744876243614,0.040683959531018686,0.01047900074592491
2018-01-31,0.40316614263328154,0.037944682423234455,0.00992659988429722
2018-02-01,-0.2835399601431469,0.028572839402902325,0.011130208367804819
2018-02-02,0.022413986421310206,0.018436057712427054,0.021177001216594597
2018-02-05,0.18658810503526954,0.01773206453848811,0.07605228860577043
2018-02-06,1.1343958534589047,0.6441396862520371,0.3044804226357793
2018-02-07,-0.14755794325580293,0.2915918116674981,0.12859848680252575
2018-02-08,0.7136318680148969,0.415014944965536,0.09841828863105642
2018-02-09,-0.3157240406715272,0.207163753223515,0.032365705853224215
2018-02-12,0.08820935591067335,0.07208777261395583,0.009802754616756375
2018-02-13,0.2421752917362355,0.03657537320610108,0.0053225029404855954
2018-02-14,-0.021991716542106347,0.020595035489586647,0.003777735360938605
2018-02-15,-0.1320519596189437,0.017607804066455977,0.004540907723061651
2018-02-16,-0.5151994909427998,0.04249545119524907,0.008466753884959658
2018-02-19,0.0,0.02209070244045032,0.004235571855271604
2018-02-20,0.01475688042225393,0.01674390447531225,0.0037124316589995294
2018-02-21,0.3976148379639417,0.026690793548419498,0.005408922724822487
2018-02-22,0.029390154509864656,0.01796097553446337,0.004281009213557103
2018-02-23,0.46907151383955537,0.033922915894970575,0.0067487846744541296
2018-02-26,-0.17564407325942866,0.0224772819344846,0.004331046019155539
2018-02-27,-0.007325202361989434,0.016859791825906998,0.0036722015070024096
2018-02-28,0.31450016780304796,0.0216668628517734,0.005099551630139168
2018-03-01,0.45173118711486543,0.03397550935325877,0.006559493593036993
2018-03-02,-0.10910282203824954,0.02088779575415429,0.0038966975546192474
2018-03-05,0.07274843911704718,0.016675044977169054,0.0031960212737802782
2018-03-06,-0.10186263977395589,0.016064259590566697,0.003172440092125751
2018-03-07,0.16002331026112807,0.01651161165015503,0.003274183562272248
2018-03-08,-0.1018033828470356,0.016019567323052555,0.0033532944224414912
2018-03-09,0.297846284625099,0.020605174303539867,0.004034793770477042
2018-03-12,-0.10160389871827051,0.01711916395553581,0.0033469003294138945
2018-03-13,-0.12351510997395183,0.016502118090236297,0.003247809176754461
2018-03-14,-0.1091107582334568,0.016116461989917813,0.003200106066802288
2018-03-15,-0.10922993986089273,0.01601391411248657,0.003265137340376618
2018-03-16,0.24014857082281343,0.018458799602082965,0.0036122564086410866
2018-03-19,-0.07271141162349612,0.016203797836980838,0.003235314335133754
2018-03-20,0.16715727574014996,0.016684982941339917,0.0034418866871282214
2018-03-21,-0.20353281722740443,0.01814033253760509,0.003940958998649044
2018-03-22,-0.2768873817965642,0.021254850366277216,0.004675909937826123
2018-03-23,0.35689611428952833,0.025720703418476223,0.00504292742662412
2018-03-26,0.058147988264364264,0.01783727960454632,0.0037434524926493688
2018-03-27,-0.3202331703158462,0.02332215602428366,0.004619102844708679
2018-03-28,0.16024477170736517,0.01854724169841871,0.0035483561211903155
2018-03-29,0.11638057758164361,0.01650782356715806,0.003154862100481254
2018-03-30,0.007269290883865561,0.015303761780068082,0.002972810171814646
2018-04-02,0.07992734303798496,0.015271012255532708,0.0030182408418085623
2018-04-03,-0.14536999216508573,0.016371203100882553,0.003204302436957969
2018-04-04,-0.05092946379501131,0.015475433018569204,0.003012703060460752
2018-04-05,0.07274843911704718,0.015261776643869096,0.002962527339273026
2018-04-06,0.06542837643898325,0.015157360254138112,0.002941021719289728
2018-04-09,0.02179994921979061,0.01496521164768801,0.0029270702129764194
2018-04-10,0.03632269118427558,0.014947170357961212,0.003008792170727627
2018-04-11,-0.18829737911130273,0.01721372858577043,0.003397628423280207
2018-04-12,0.08292520578027224,0.015795409821136294,0.0031188617781058954
2018-04-13,0.09810869048779278,0.015564385461840764,0.003236644702406872
2018-04-16,-0.2472728532661326,0.01919753851453173,0.003958664701786751
2018-04-17,0.24000884280276835,0.019446552553676368,0.0038474329687800063
2018-04-18,-0.06539984973139407,0.016395040280089663,0.003525955908990276
2018-04-19,0.08719029833767447,0.015617947407234302,0.004611984426518399
2018-04-20,0.22489037009236884,0.017882646187646414,0.01015844745234568
2018-04-23,0.7148302939461997,0.09289752893287212,0.03029168882325688
2018-04-24,0.4450832903889811,0.07034578212060111,0.02464834792186872
2018-04-25,-0.6395307968324813,0.12861944341186726,0.027382905462397824
2018-04-26,0.3382393207077451,0.0676205504413459,0.012350300482567756
2018-04-27,-0.28779068715607714,0.03970872319270189,0.0072964857194330445
2018-04-30,-0.0648672046962516,0.021783212627714724,0.0057772952023473845
2018-05-01,0.2232545668215252,0.01970926182630596,0.010812316422393976
2018-05-02,0.5831450054021932,0.053193289006052524,0.031171820507930804
2018-05-03,0.14293578385452382,0.02660929597165825,0.047348547314866214
2018-05-04,-0.510501516343491,0.04779961408554944,0.14069442192599402
2018-05-07,0.01435544073667622,0.023495487874584945,0.28924616318409335
2018-05-08,2.3794183205065655,0.9999999575344076,0.999999984255508
2018-05-09,-0.030844652924236996,0.6273357823767854,0.9582328840990251
2018-05-10,-1.3487795792847344,0.9971891980645005,0.9926873198043054
2018-05-11,0.0,0.6217873322885131,0.6907920626355684
2018-05-14,-0.9280477801546685,0.903535891232988,0.654404808915772
2018-05-15,0.14333837471737576,0.5155638030685218,0.2809219344996563
2018-05-16,0.47869201543118006,0.35979867512113006,0.20781369258941648
2018-05-17,0.846020507790525,0.6646804010908238,0.187757722678348
2018-05-18,0.03038441343693631,0.2869571665168154,0.04405271751367407
2018-05-21,0.0670986905615184,0.09922371612661372,0.013533914460121633
2018-05-22,0.4016494142835488,0.06504710019580434,0.008661013886377272
2018-05-23,-0.13511370802644962,0.030365028024766694,0.0048495299266466734
2018-05-24,-0.2241807712740585,0.023079361506454284,0.0047305469659332956
2018-05-25,-0.3181001515949769,0.025192430182739933,0.005909625791985017
2018-05-28,-0.326218288020012,0.026512584184555432,0.007199856001697981
2018-05-29,-0.48419348370242016,0.04339578172243294,0.01004218145532769
2018-05-30,0.13552553877195714,0.02365677562268513,0.007741200645312872
2018-05-31,-0.3713494233865923,0.029154647477156344,0.015019085391500864
2018-06-01,-0.6964166424110917,0.10895133512220338,0.031008741447602104
2018-06-04,0.4169967937668665,0.07274441662751811,0.01998902686633777
2018-06-05,-0.5611929254569874,0.09550104126476874,0.0179239171014701
2018-06-06,0.07212405649830048,0.03711618176464678,0.007192123553498218
2018-06-07,-0.3466708657537675,0.03281204947193689,0.006745111498683268
2018-06-08,0.29618948870363654,0.026382611113032934,0.006240873919835341
2018-06-11,0.0216379964059672,0.01786445486028978,0.008158578772095436
2018-06-12,0.4102348406849737,0.028188524473601765,0.023486189488656155
2018-06-13,0.0,0.018330778874143236,0.05738680868507698
2018-06-14,0.0,0.015777474744997813,0.22347217681302642
2018-06-15,1.4149256026457258,0.9614864060409551,0.9973344921335031
2018-06-18,-1.414925602645715,0.999622847227304,0.998229053372512
2018-06-19,0.0,0.6254225779005339,0.37705902865867386
2018-06-20,0.0,0.26089173200430715,0.2528983406678774
2018-06-21,0.0,0.08880453066531532,0.27020781575268943
2018-06-22,1.1781222266756521,0.8565540070971487,0.47855383895425163
2018-06-25,-0.10653031794743348,0.4600062577177951,0.15024363636547106
2018-06-26,0.5315203328803477,0.3625193255963384,0.08070793259416206
2018-06-27,0.2823265568141127,0.16155696152222532,0.03627844571522719
2018-06-28,0.3307183818625408,0.08039905732522132,0.030126766791106672
2018-06-29,0.8046221475629137,0.2628591635709657,0.046616421556655074
2018-07-02,-0.23022998274395942,0.10861795807049904,0.015161953489355805
2018-07-03,0.2093218738062549,0.04653569093287177,0.0064155728238620155
2018-07-04,0.04181184729902569,0.023245112493679602,0.004094296593807417
2018-07-05,0.32692269927117695,0.024655224352596965,0.0048981806972737945
2018-07-06,-0.14733205895500262,0.0190536376201093,0.004909161785357704
2018-07-09,-0.5005958008207954,0.041188604028211936,0.008481520890311706
2018-07-10,0.0279544344541851,0.02176441082124475,0.004888806036295589
2018-07-11,0.4462114354675334,0.033434187659512185,0.006305825466041617
2018-07-12,0.020867387826559395,0.019704598951728935,0.0036383935914741598
2018-07-13,0.04867364418315467,0.01621743802806414,0.003098795467345114
2018-07-16,-0.08345504344164466,0.015721910444985367,0.003082268559022769
2018-07-17,-0.05219479214481565,0.01531525467449292,0.003141932159350729
2018-07-18,0.08002087928088651,0.015274755636263836,0.003693578414724277
2018-07-19,0.44416757039727206,0.029937911610129455,0.006269447488084052
2018-07-20,0.18679309454234674,0.021076091994020975,0.004826365849263451
2018-07-23,0.03455305656161103,0.016518097680596866,0.006394075403122695
2018-07-24,0.6508175379624598,0.06757993696536051,0.017283247486634234
2018-07-25,-0.16626270009508004,0.03225495835211844,0.01228305709357207
2018-07-26,-0.5398454606042931,0.05766134116974744,0.02189216267202774
2018-07-27,0.41393643098764027,0.04717609782137969,0.02622427970124436
2018-07-30,-0.7879498881750402,0.20525719809955895,0.04445331099338301
2018-07-31,-0.055528563931157786,0.07096724278665453,0.013081218716777825
2018-08-01,0.043038680601794534,0.02988229958647347,0.0072886787166725146
2018-08-02,0.5522835815654281,0.05447955798682505,0.011200892101460145
2018-08-03,0.22061367100151869,0.02973555500386585,0.007413001034590201
2018-08-06,-0.24132117754660448,0.02358496242448617,0.010390006485987138
2018-08-07,0.39477272610070324,0.029481031397325587,0.024308257979665186
2018-08-08,-0.8375574539573607,0.21818672662326016,0.058546536134327185
2018-08-09,-0.16655104474566493,0.0825584714985826,0.024383857008047353
2018-08-10,0.5126440045882762,0.08082491842090192,0.022563458102524206
2018-08-13,0.006909656247341169,0.03248262846222487,0.021240338999329006
2018-08-14,0.8325640687960816,0.20027934153618554,0.0521266468180909
2018-08-15,0.3283625881022532,0.09688424204602696,0.026388272176171214
2018-08-16,-0.5904585025595667,0.12876735189538824,0.02359206950653215
2018-08-17,0.2936080748993938,0.06150110679641925,0.009690477313107987
2018-08-20,-0.18237278015319972,0.031070650960466396,0.005092729593752414
2018-08-21,-0.06864831737980319,0.01950944509672504,0.0038546067082509813
2018-08-22,0.054922423459413186,0.016198338955502767,0.004809339716488852
2018-08-23,0.013725893920380185,0.015224993335111976,0.01094189529360981
2018-08-24,0.6293631391086513,0.06019849138630569,0.03992560921435119
2018-08-27,-0.7186151446215022,0.1670852044383953,0.058138066943410505
2018-08-28,-0.05496393130471635,0.058646512231864505,0.041026703561434605
2018-08-29,0.6985372877746474,0.13821920525258735,0.0690327890594809
2018-08-30,-0.2391446597688133,0.06099736022019431,0.07140760148947245
2018-08-31,0.9057231039711985,0.3598155400434125,0.1341081694757688
2018-09-03,-0.1899980214640539,0.14353687135305238,0.08546152599518456
2018-09-04,0.7376111940227809,0.2794381983823056,0.10113400809105076
2018-09-05,0.6585602727599743,0.33793091353861016,0.07919612070843318
2018-09-06,0.3336717024878405,0.16470219716528883,0.04137501684182419
2018-09-07,-0.5818024672246903,0.1830246313710576,0.037194533396014064
2018-09-10,-0.538613030381549,0.17102112301199493,0.02480188614223842
2018-09-11,0.21242526743776594,0.06818021878160942,0.008928808224314818
2018-09-12,-0.050536530563625615,0.029379836850192142,0.004967901992999894
2018-09-13,-0.20240190420748086,0.02197210698442844,0.005986607881550193
2018-09-14,-0.45351551653912625,0.0365384549555018,0.011529258120402494
2018-09-17,0.4535155165391363,0.041962510296168494,0.015391104330846821
2018-09-18,0.6737541393119642,0.10475708237414857,0.022099076251399466
2018-09-19,-0.2693591688487745,0.05180013110466,0.010079003840897934
2018-09-20,0.08740377737320987,0.025113039735989905,0.007021165200052274
2018-09-21,-0.32310205814464205,0.02628146473162173,0.012874357005371543
2018-09-24,-0.13493457721330604,0.019249212636993574,0.02883125066760114
2018-09-25,0.3302668725066072,0.023354268243701907,0.10243367985112549
2018-09-26,1.0742176417402802,0.5474612335811085,0.33540618483017537
2018-09-27,-0.24328074252085727,0.2579240641192449,0.23406825488268596
2018-09-28,-0.4427551273720329,0.17138439411985731,0.24202602740401552
2018-10-01,-0.11267173633705278,0.062316873809944905,0.3065312417804954
2018-10-02,1.0101791155652948,0.5446570199558018,0.6564031019458043
2018-10-03,-0.1016892331353434,0.22116739081194287,0.6516088925945499
2018-10-04,0.6707088399967759,0.2945892891350629,0.829096649303382
2018-10-05,1.7657870559660238,0.9999139098479612,0.9999916861580007
2018-10-08,-1.5427757372359103,0.9999277151724664,0.9999956086679239
2018-10-09,1.484997687647946,0.9998273727070585,0.9999696762384352
2018-10-10,-1.15600673424664,0.996312479908003,0.9861816535354624
2018-10-11,-0.17752067517379405,0.6507256173284456,0.48926618717277054
2018-10-12,0.6768316890458278,0.6701382112985904,0.38067061629900734
2018-10-15,-0.6636711968244333,0.6906045086425906,0.24971468646776787
2018-10-16,-0.027640319864125216,0.30586244184139355,0.07804229756349985
2018-10-17,-0.005264158732246539,0.10519280674464822,0.046241473911315265
2018-10-18,0.46819603438336704,0.08260811375522421,0.06426013248184563
2018-10-19,0.41970849327731713,0.06017072832672488,0.10891715166384548
2018-10-22,-0.9669194787658292,0.4944445302148113,0.22834987951466254
2018-10-23,0.549834003766351,0.40687425830747614,0.14774138616156382
2018-10-24,-0.5366605088191079,0.3430488747647288,0.09659825800696072
2018-10-25,0.568099385202517,0.303725317213059,0.05945651751766984
2018-10-26,-0.07993105101165843,0.10714752336197694,0.028228184346712648
2018-10-29,-0.3104957970757746,0.057491017751162256,0.03348160888775607
2018-10-30,0.5755908171261059,0.08165727185211774,0.06734269353223221
2018-10-31,-0.16159289494737727,0.03636492798905969,0.106875573235681
2018-11-01,-0.5060850167609579,0.05349744809511825,0.2979639975622681
2018-11-02,-0.8412477547329558,0.2782486066519897,0.6184138775377617
2018-11-05,-0.8176052269951283,0.5760581895533623,0.698432376198535
2018-11-06,-0.16339040547269587,0.2514342215240005,0.6863877391244696
2018-11-07,-0.615764530353066,0.28770417151946664,0.833691877869494
2018-11-08,-1.5705945982536964,0.9992012608852163,0.9994912481299945
2018-11-09,0.8260903133426488,0.9528347626679737,0.9444874425358596
2018-11-12,-0.28573391778590707,0.6378424290838531,0.8115437063554489
2018-11-13,0.8817801148325225,0.8638284771797893,0.8055460708475279
2018-11-14,-0.09256170217211612,0.46476303407203745,0.6861553912749685
2018-11-15,0.128345444134804,0.1800962376581918,0.7204460225924665
2018-11-16,-1.7096269023180246,0.9997624962529753,0.9983061867972397
2018-11-19,0.29347921720613407,0.693182833462776,0.2906839618589522
2018-11-20,0.32606963129020605,0.39154156416157,0.08701876270797476
2018-11-21,0.0791323121758568,0.14155753513604716,0.022978566843418695
2018-11-22,-0.23417402423319258,0.06169222166996143,0.009974629036562373
2018-11-23,-0.2052686317742181,0.03219836602288146,0.007457749944080728
2018-11-26,-0.45996030702573565,0.043138140437017206,0.011442532225735502
2018-11-27,-0.04197956209474757,0.02247081172888794,0.012987409699720705
2018-11-28,0.333990694238035,0.02477456012521365,0.036260924300304705
2018-11-29,-0.7969665096420359,0.16845207238246776,0.1081077047768399
2018-11-30,-0.7204398583685119,0.31241590586149626,0.10464574124567617
2018-12-03,-0.4188195428233968,0.19328767722759438,0.05793046141174081
2018-12-04,0.30033198757753465,0.08848444461851165,0.04063274043105917
2018-12-05,0.7614399283165044,0.22942937888572118,0.054762786604118895
2018-12-06,-0.1177277333491326,0.08241207914181552,0.02995653092303939
2018-12-07,0.6657602176361656,0.14580187331466749,0.0400458941347112
2018-12-10,-0.44841577673425936,0.10596446414438851,0.03244959154650667
2018-12-11,0.5859863033147632,0.12508442984626292,0.033535040072147526
2018-12-12,0.6126396694811288,0.15571227526684783,0.028997899608473703
2018-12-13,-0.394292815035417,0.09560162906167538,0.014655473799741022
2018-12-14,-0.20460020516981925,0.04318524292092542,0.006803346907650285
2018-12-17,0.1922549342519726,0.025156550645017317,0.005127527992845661
2018-12-18,0.07337268680302053,0.01780131201515149,0.006946861204062422
2018-12-19,-0.6788513495460466,0.08560669773110566,0.0191671763211222
2018-12-20,0.020701790778818993,0.03382915089183126,0.00874880664294519
2018-12-21,0.28799863482934207,0.026292786969342376,0.011058202829437197
2018-12-24,0.09077665360699717,0.018269563518822723,0.023795105864862314
2018-12-25,0.0,0.01576171288985557,0.08766275197834493
2018-12-26,1.107400748860357,0.5830445025560254,0.3861648249882019
2018-12-27,-0.6862350717926801,0.6529501420498551,0.2747620771407722
2018-12-28,-0.32772838801577353,0.3716657396021399,0.10651956725771085
2018-12-31,-0.05907420840724799,0.13304484855278761,0.05288989762561354
2019-01-01,-0.6410941200570549,0.19554861834862158,0.05853547588200474
2019-01-02,0.0,0.06680558191551206,0.046231468679173444
2019-01-03,-0.3484612257446711,0.045442190077208094,0.08544883161902253
2019-01-04,-0.23831649167830926,0.028607932158831492,0.20420392032336407
2019-01-07,-0.7569261423711495,0.14482066664957333,0.6483191784240017
2019-01-08,-1.2980781916764077,0.9700283825019255,0.867193151774883
2019-01-09,0.38978115328490304,0.7059022184168664,0.30614313405064636
2019-01-10,-0.05660110523262455,0.31946602244016564,0.10133606273041897
2019-01-11,-0.5820159803675189,0.3147390415709041,0.06300651323962714
2019-01-14,-0.07120985845310708,0.11084873787338693,0.022023213110114
2019-01-15,0.5611806593832834,0.11778552115648279,0.01776366714176303
2019-01-16,-0.042510982643889916,0.04340676244097802,0.0076923323684251615
2019-01-17,0.20530253928030703,0.025681326632215565,0.008496113343868898
2019-01-18,0.23310857163417312,0.021232574828883015,0.019101870145474042
2019-01-21,-0.03528457042359433,0.01664299005467586,0.06146691471283425
2019-01-22,0.9763027503664473,0.3400843597097306,0.25969743135689205
2019-01-23,-0.6943741734382688,0.4615706143806847,0.22905537028001535
2019-01-24,-0.5441269670935667,0.39370664961255747,0.15718904371513467
2019-01-25,0.4103099946297661,0.22943110687879822,0.1066140116285589
2019-01-28,-0.7853721339236478,0.4737202382760461,0.10258261121513917
2019-01-29,-0.10660602978291818,0.18420433249274093,0.026307887659886002
2019-01-30,0.07818886562465863,0.06421283358894131,0.009316990764214498
2019-01-31,-0.2917424775358508,0.03877206896706513,0.007521093321551348
2019-02-01,-0.4785894345155064,0.0499594525794619,0.0090861891954193
2019-02-04,-0.23656772923888497,0.03001149457623029,0.005336798687029239
2019-02-05,0.17568710709238447,0.020804705689002462,0.0038592063406695967
2019-02-06,-0.050164828341668126,0.01662659454444177,0.003551589133095176
2019-02-07,-0.2547954941107679,0.01982682885569321,0.004834965776456797
2019-02-08,0.3658409445989369,0.025736636960354727,0.006808731951093347
2019-02-11,-0.05729838288837025,0.01797973210140693,0.00926865343619464
2019-02-12,0.5358878174038662,0.043015437988811536,0.027189653038070593
2019-02-13,-0.14476235637674348,0.02424201563818215,0.04719589807925263
2019-02-14,0.9821217765003024,0.3779252989234876,0.14763245124289345
2019-02-15,-0.48168967543210295,0.2756804784901544,0.08288028777641547
2019-02-18,0.3756338801481973,0.1463483954365083,0.04724165625700582
2019-02-19,0.39889210453488727,0.08732526553581518,0.042612537723965005
2019-02-20,-0.6787116442384991,0.1729778035124953,0.06043067819108383
2019-02-21,-0.451484085136059,0.12318990214185213,0.051975257491464144
2019-02-22,0.6180533296097268,0.1572412658022347,0.05836472033994446
2019-02-25,-0.4898664440892822,0.12843618690191394,0.05681885307841726
2019-02-26,-0.2850832235108737,0.06269855571133912,0.06543302102409122
2019-02-27,-0.36466380548680305,0.045590107763033905,0.12830292418164246
2019-02-28,0.3932087282525152,0.03908654501757741,0.3056812880688394
2019-03-01,1.2691155486039534,0.8915175595184902,0.7905649683038392
2019-03-04,-0.6077327728985608,0.7968557977823949,0.5781838946799317
2019-03-05,0.6852002932345778,0.7793938877759444,0.38637064292125206
2019-03-06,-0.38440561521494304,0.5171933142622845,0.1527147117455243
2019-03-07,0.4512611218484101,0.3397438530790333,0.06226697422673275
2019-03-08,0.18485000936052318,0.1306686921358034,0.019934065286482897
2019-03-11,0.4358235006671878,0.08831821989311245,0.011593029441180304
2019-03-12,-0.1399286592271621,0.03747473156563144,0.0053294691400115075
2019-03-13,-0.1751866185054696,0.0235182189159103,0.0040106412902501986
2019-03-14,0.0,0.01711734359553516,0.0037044658983235103
2019-03-15,0.20318801875842366,0.017749312087767474,0.005601180743963989
2019-03-18,-0.25229531919459547,0.02010103025571442,0.012280793791839096
2019-03-19,0.0,0.01623378135026816,0.034273427771113404
2019-03-20,-0.19667071029841063,0.017814336690803227,0.13997139934968256
2019-03-21,-1.1882168229595778,0.7735156037338091,0.5559510982352502
2019-03-22,0.5534284027518517,0.6396338387761586,0.3298760910414627
2019-03-25,0.17673469659837482,0.29106096938553205,0.1854558093937007
2019-03-26,0.10589108327707564,0.10278487288569715,0.17551946719043066
2019-03-27,-0.07058159525088943,0.03956788079115352,0.28456919393767854
2019-03-28,1.283822747198338,0.9048193525177517,0.8131390860847503
2019-03-29,-0.7767436974241854,0.91015427918169,0.6077745458703483
2019-04-01,-0.014050864151256075,0.507049805062441,0.13453333588490188
2019-04-02,0.049169389534152716,0.19429020174295414,0.03262870988165838
2019-04-03,-0.1897867226954949,0.07621147261250043,0.011136497567398677
2019-04-04,-0.021109664786549145,0.031310501567347396,0.005968140025691642
2019-04-05,-0.4160649138775011,0.03701790182012696,0.008042132224124428
2019-04-08,-0.2759793705798849,0.027795451099390224,0.007879575286191882
2019-04-09,0.5582461587965023,0.05419153167152134,0.012348636346938453
2019-04-10,-0.3883225835005175,0.04467415223944736,0.009078068188221086
2019-04-11,0.28961981180993035,0.030164584703708648,0.006296655871686819
2019-04-12,-0.2754725386732197,0.02536490005821728,0.006304752115414744
2019-04-15,-0.36848114255437153,0.029662877338065927,0.00864756726369089
2019-04-16,0.492184482414181,0.04361611711011662,0.012169052516985511
2019-04-17,-0.5418915666970037,0.06669085086294141,0.013217137452843504
2019-04-18,-0.0071030294450382565,0.028619106498635062,0.0060324661690282595
2019-04-19,-0.29878374649711903,0.026110476263252066,0.006568639037877811
2019-04-22,0.0,0.01779002290967382,0.008938473347490383
2019-04-23,0.18151086040441136,0.01743183623310411,0.02661024359406804
2019-04-24,-0.0035558716334131647,0.015550732781174921,0.1005645214250977
2019-04-25,0.6592262044914284,0.0691099647133077,0.4456455959894793
2019-04-26,1.0716709792323056,0.6728872902048443,0.7758688082274726
2019-04-29,-0.9939846163436211,0.9471245886848682,0.7423288866940249
2019-04-30,0.18338275699206694,0.5799638917889257,0.1929061788227206
2019-05-01,0.36575971000486174,0.3284737767483991,0.06230654137182771
2019-05-02,0.009125502924553136,0.11373760273859948,0.016029435455562617
2019-05-03,-0.0021047566163370683,0.04183357238498675,0.006367631074687293
2019-05-06,-0.0983353313770276,0.02286089413058129,0.005615594074765736
2019-05-07,0.39276246310196766,0.028999083020485036,0.010735690217355643
2019-05-08,0.42120188910815487,0.03439440459703433,0.020074156801457445
2019-05-09,-0.40720314897191134,0.03752809253572085,0.040536467075005994
2019-05-10,0.38419941779328376,0.03463430896018671,0.08814338624168104
2019-05-13,-0.17445313380827326,0.02265188142895249,0.2231549752749934
2019-05-14,1.245186297417225,0.8391406746239691,0.7823805775072155
2019-05-15,-0.5145195346792365,0.6782887409597609,0.6360994190975875
2019-05-16,0.8079317504000162,0.8205589257021368,0.5617668130681819
2019-05-17,0.20268304229845874,0.4461441736353854,0.352429080595919
2019-05-20,-0.8720434409328178,0.7821151965030847,0.3297488777060835
2019-05-21,0.03461285556000325,0.3776085224872852,0.09947502660726049
2019-05-23,0.48332621880192944,0.2630836530898016,0.054763913738267354
2019-05-24,-0.44872533959440253,0.17755048176660662,0.03245862066435302
2019-05-27,-0.46464940215404893,0.13110754849870013,0.02135820202824517
2019-05-28,0.4092822473034192,0.08214795449234259,0.013458255157967744
2019-05-29,0.15909801716528726,0.03561730107355406,0.010468514316497576
2019-05-30,-0.519733680931785,0.05574520693010583,0.02089784434045182
2019-05-31,0.055567133471186594,0.025821815603377554,0.028294755816653562
2019-06-03,-0.9278381118600523,0.32595708295986336,0.08527796252659993
2019-06-04,-0.21750578650363475,0.13355699456648856,0.02454125134341653
2019-06-05,0.1614205354541201,0.05169680848994357,0.0082229598264574
2019-06-06,0.14015419252884773,0.026111702339272666,0.004378145524124523
2019-06-07,-0.16820861829848263,0.01997223659978615,0.003626610239572791
2019-06-10,0.08413967681916179,0.01653063470867065,0.0031469600001197734
2019-06-11,0.056053813126888875,0.015432021599516527,0.00313429674785101
2019-06-12,0.12950422698644826,0.01584625509047588,0.003713785219291167
2019-06-13,-0.22761902916665153,0.018613735277185576,0.005855095176575949
2019-06-14,0.07709830415196212,0.01611387664364031,0.011727399589471034
2019-06-17,0.3147846326361794,0.02141252180152467,0.04097909255294101
2019-06-18,0.6647780429301995,0.07753832859493548,0.1345660685511462
2019-06-19,-0.8640265576815132,0.36198513146143924,0.20933409943537185
2019-06-20,-0.06650449150416575,0.12947305105104687,0.16446005135096914
2019-06-21,-0.971086372938923,0.6404146751292149,0.22007128299540335
2019-06-24,0.042417816118512565,0.2712513328996061,0.059555287698033026
2019-06-25,0.2470792969236298,0.11176681918261032,0.02755170644481729
2019-06-26,-0.4593485339190095,0.0892232437993096,0.02642555400810483
2019-06-27,0.6882339622941738,0.16834193934469427,0.03022594686146044
2019-06-28,-0.21830994585892166,0.06979113475018736,0.01269975169186592
2019-07-01,-0.4486768050518089,0.06240714469299853,0.010344781829577253
2019-07-02,0.20515730021317882,0.031515997603206336,0.005719004331711791
2019-07-03,0.3245610695003489,0.02759149603725393,0.0056016790513575285
2019-07-04,-0.12335020683285128,0.019386556618295768,0.005872326992603252
2019-07-05,-0.20121086266748361,0.018891082343002734,0.0123245329177237
2019-07-08,-0.5243404629907908,0.044898933846966055,0.037394047955142215
2019-07-09,0.7854832870509605,0.1813281237037892,0.06664259976884723
2019-07-10,0.3447915318097816,0.09182794720277869,0.04845219098746467
2019-07-11,-0.5246952789402305,0.09691425103564297,0.06133252447683932
2019-07-12,-0.2651536792403953,0.04848389139731353,0.08040306143879386
2019-07-15,-0.8818148450881342,0.3218853773446474,0.17645273496242309
2019-07-16,-0.623367475551891,0.35914084281351494,0.1430049059150516
2019-07-17,0.6840633376005407,0.44167832528438955,0.09832960225560716
2019-07-18,0.10345505087685238,0.16610931698016687,0.027720972442281777
2019-07-19,-0.3786665475643324,0.09684307167779055,0.01401440276128691
2019-07-22,-0.20780344979194412,0.04381306968156751,0.007248717646632397
2019-07-23,0.40088821675578246,0.03912297095036896,0.006942617782234175
2019-07-24,0.29961500513052713,0.02881302778910673,0.005506489130310753
2019-07-25,-0.08194823468241781,0.019064378425874128,0.005229122131882199
2019-07-26,0.17948733913980855,0.0177517426855374,0.010300514955811893
2019-07-29,-0.39715410958793856,0.028633675514450202,0.032002431685801525
2019-07-30,0.4917516947317761,0.04294181566982824,0.07986586175558093
2019-07-31,0.0028464732441373726,0.022205310257499458,0.16941262794453885
2019-08-01,0.6985130664212047,0.09162065041310131,0.603198056695667
2019-08-02,1.151132245198592,0.8287647389071472,0.9477147005944764
2019-08-05,-1.0946709549697466,0.9858069256637383,0.935463224789145
2019-08-06,0.5277799802592171,0.8072128842703626,0.4032514459813103
2019-08-07,0.07016067080761043,0.4027947234378754,0.09273490036732075
2019-08-08,0.11565759635009137,0.14948665595355085,0.025552869974502283
2019-08-09,-0.26656394024179914,0.0685174238773327,0.011907131011875146
2019-08-12,-0.37650249440489725,0.04973593697007199,0.0095267699503844
2019-08-13,0.40810639248201896,0.042688132150386776,0.00859757084042906
2019-08-14,-0.05759818215660155,0.02250241468870917,0.007886999178872943
2019-08-15,0.036530026595681296,0.01689399627596514,0.01828979195297146
2019-08-16,0.6650124259397129,0.072482053628808,0.06984141669067911
2019-08-19,-0.7352716854869799,0.19886308014923595,0.10304872617107627
2019-08-20,0.7652665215998303,0.3817886332149462,0.09041416478610896
2019-08-21,-0.07814980854669952,0.13864339193219827,0.02569663267356163
2019-08-22,-0.35732656746660296,0.07878618718750661,0.013261253087521123
2019-08-23,-0.32979014558651315,0.04828265391487523,0.008208091565667444
2019-08-26,-0.1547443510590541,0.02606772507752147,0.005981760827159654
2019-08-27,0.3359113553985666,0.026254037258104285,0.00912140292470583
2019-08-28,0.6294255347408814,0.07104357419611355,0.017647134580796756
2019-08-29,-0.22683581197502456,0.036456441950624856,0.012716935829677478
2019-08-30,-0.5626737655739594,0.06651521890022592,0.020446394191539527
2019-09-02,-0.3731216268697045,0.04837038921780101,0.01972484135968454
2019-09-03,0.6117517232637587,0.08604601615073491,0.02888634372649252
2019-09-04,-0.030146882920483436,0.03413027496628942,0.028149673248568992
2019-09-05,-0.8075617222460261,0.1980130634571936,0.06806320818952633
2019-09-06,0.18574428853632735,0.07528333714949374,0.04527696498495284
2019-09-09,-0.5965970305256408,0.11217705817947052,0.06569073495790721
2019-09-10,-0.45532235749716443,0.08832683306192055,0.07812687588256068
2019-09-11,0.5106719195908526,0.08399888873084452,0.1155910758979271
2019-09-12,0.07517559880661581,0.03388949895922434,0.18806717617701676
2019-09-13,-0.8786316744194302,0.27922375167778646,0.5539197148913477
2019-09-16,-0.17894854637537186,0.10741135558829114,0.618276931720197
2019-09-17,1.5095390589347926,0.9947538735030621,0.9687639492755555
2019-09-18,-0.30745224681315103,0.7021577510303799,0.3104736086229329
2019-09-19,-0.005661772944578371,0.31334233617618823,0.1032400020661554
2019-09-20,0.22627643652669052,0.12607638266786028,0.06557325128038051
2019-09-23,-0.7799798459236689,0.3291426954028703,0.08085972153601376
2019-09-24,0.21332582931789099,0.1306696590603737,0.0384401450699014
2019-09-25,0.702878498471866,0.22882512457046397,0.03865569961911317
2019-09-26,0.23953288802104813,0.09318020934467112,0.014079351633014391
2019-09-27,0.17927388598681093,0.039870566181529524,0.008832940327009983
2019-09-30,-0.5550312558739618,0.06722563071896841,0.013723129868669411
2019-10-01,0.43274215113458203,0.05468700242236478,0.00927128944145523
2019-10-02,-0.09428462877251151,0.026353612236373773,0.004652550699272215
2019-10-03,-0.12678736642428604,0.019108262978282886,0.004053275650521209
2019-10-04,-0.15518095799444817,0.0176495189514472,0.005410361588602734
2019-10-07,-0.2686083469826639,0.02072696941205653,0.011541724649932805
2019-10-08,0.7861149146221522,0.13743064438959102,0.03042192935750596
2019-10-09,-0.20738508988165147,0.05762739053107164,0.01099931122254324
2019-10-10,0.05276580898083982,0.026309102383879998,0.006336207379794703
2019-10-11,-0.5112395445287131,0.04772824678098009,0.009544108866073984
2019-10-14,-0.16981536664156355,0.0263986218748963,0.0054134081403874115
2019-10-15,0.3358139566872451,0.026373838390589738,0.00539262309230379
2019-10-16,0.3346900198362889,0.026294137961441102,0.005022944832285842
2019-10-17,0.0562587919198652,0.017975614494182585,0.003797907915110377
2019-10-18,-0.2780859633915838,0.021251379755417025,0.0048912591430557
2019-10-21,-0.3283611388870623,0.0251159296913029,0.005978086277116551
2019-10-22,-0.2514121116768166,0.022499361029321256,0.006833660222230109
2019-10-23,-0.42636412075433455,0.03372293894096602,0.011926299631274942
2019-10-24,-0.3960118627283836,0.03598818487232805,0.017704412061231956
2019-10-25,0.7301512323375822,0.12683542753535693,0.031326088467458824
2019-10-28,-0.43745068426110645,0.0917506179628074,0.016668844323657547
2019-10-29,-0.07131141997986903,0.036384912731107895,0.006455108186839373
2019-10-30,0.0,0.020476886377469243,0.005035048543073706
2019-10-31,0.29916683043859216,0.022215364689630267,0.008961395194972273
2019-11-01,0.4506190320664963,0.03413853891264483,0.020463379289433904
2019-11-04,-0.7783246754841641,0.17160278787591599,0.0408138990567025
2019-11-05,0.31347988053714787,0.08166228942334373,0.015435549793228717
2019-11-06,-0.21006541112637253,0.038934305589282785,0.007458348178159945
2019-11-07,-0.14623796588991653,0.02310529661556963,0.006419060067568415
2019-11-08,0.035687520452992984,0.017047615516681863,0.011881220356020232
2019-11-11,0.007414714755696794,0.0154424172301004,0.04110723674651438
2019-11-12,-0.12022937693625872,0.01599208740609497,0.1778902527441972
2019-11-13,-1.0373766173687426,0.4824777518382567,0.7726751929283449
2019-11-14,0.1362955807712484,0.19011186868087682,0.7886139219339712
2019-11-15,1.4766781985639799,0.9954714894478223,0.9996698937772752
2019-11-18,-1.7028471364619941,0.9999894878795407,0.9999993598523294
2019-11-19,2.135211278838366,0.9999999730790513,0.9999998618857613
2019-11-20,-0.39685403937902336,0.7563778150480035,0.3768678566607649
2019-11-21,-0.3394356152482249,0.465062886799123,0.1257387686487098
2019-11-22,0.24708310628665905,0.2048466941637201,0.03921586508209462
2019-11-25,0.09243572095561758,0.07148573729150681,0.017651685756385344
2019-11-26,-0.1368802309263238,0.03232036201676776,0.02131305861633602
2019-11-27,0.10128691593491435,0.02001255790958471,0.05712991140402266
2019-11-28,0.06483110974647055,0.016389153571155134,0.22474227034709227
2019-11-29,-1.5629976748928562,0.9938854465967715,0.9982417853165898
2019-12-02,-0.002267390551147786,0.6169355493078028,0.9623155068399869
2019-12-03,1.8215286855857677,0.9999866256356637,0.9999356176368045
2019-12-04,-0.1791299133138337,0.6565256363206389,0.48270276621840685
2019-12-05,-0.7341054385654694,0.7560497346869772,0.3679467852089807
2019-12-06,0.4499739787684358,0.5322669306538367,0.14227513279918236
2019-12-09,-0.2537012422316865,0.25232756048476673,0.041175619964804
2019-12-10,-0.12687274164067255,0.09140249261399791,0.012220972001831875
2019-12-11,0.11703168240044183,0.03694826989302268,0.005737031956583958
2019-12-12,-0.3170752841792011,0.030429743709000354,0.005682124488256579
2019-12-13,-0.30997432814916664,0.027467987446873367,0.0054076798371483666
2019-12-16,0.25209026505115995,0.022505839361947458,0.004788575452367371
2019-12-17,0.3856570134132299,0.0282832739345939,0.00552697208830632
2019-12-18,0.010696521857838417,0.018349448390851286,0.004107598584916079
2019-12-19,-0.4078476692203221,0.029852509859924777,0.005868475625131
2019-12-20,0.08041723458852557,0.01910802795141244,0.0036706956685542387
2019-12-23,-0.14730378374122446,0.017485813118103807,0.0033965888994744687
2019-12-24,-0.014001268253693102,0.015586563243128123,0.003195640820892471
2019-12-25,0.038493525384473176,0.015113690972539607,0.003807068723399009
2019-12-26,0.21465377446379894,0.017451181440538532,0.006982228426079783
2019-12-27,-0.09653718324855139,0.016203667883101777,0.01791549916530048
2019-12-30,-0.1694025940805782,0.017130681739582237,0.06756389787453737
2019-12-31,-0.2500054732594119,0.019810315157345673,0.2707538094709364
2020-01-01,-1.6561996059114883,0.9981258893395182,0.9993828120040664
2020-01-02,-0.00833193219915807,0.6233839608678364,0.9562794679550305
2020-01-03,1.4184220025712135,0.9983123157523743,0.9909977606288767
2020-01-06,0.35608859562993705,0.7218332264750961,0.41014075395816235
2020-01-07,-0.05611039060090937,0.3314688114605259,0.22079535120653235
2020-01-08,-0.42645408296991444,0.20914784773024642,0.20376033954816197
2020-01-09,0.14198316293223306,0.07567035780674851,0.2377621057345523
2020-01-10,-0.4285049133691341,0.06167679773800839,0.470800333955854
2020-01-13,-2.2313615433572305,0.9999997551745508,0.9999999238561309
2020-01-14,1.0509989885393798,0.9898020082017345,0.9685494725166655
2020-01-15,0.020014759254648427,0.6109239865522544,0.5882778906706833
2020-01-16,-0.021536930917689514,0.2524525631962905,0.5302268329563878
2020-01-17,-0.30853535573588126,0.12057273197330073,0.6274615511542643
2020-01-20,-1.22609948542067,0.9329077702046733,0.9861513249439054
2020-01-21,1.1673580196005884,0.994263998968794,0.9783815457494197
2020-01-22,0.26406528951177943,0.6728197193756356,0.5662187419466462
2020-01-23,-0.18046661275778322,0.32093059510535876,0.4705414080571115
2020-01-24,-0.1262925005260306,0.11781950884752673,0.5138910447282251
2020-01-27,0.7524251037662825,0.26182010882700724,0.8163188852534189
2020-01-28,-3.7050063991194198,0.9999999999999999,1.0000000000000009
2020-01-29,3.134729800612251,1.0,1.0000000000000004
2020-01-30,-0.14669219320500254,0.6470408417248955,0.2551251640071217
2020-01-31,0.21400607378691547,0.30705973252352486,0.07991147826914566
2020-02-03,-0.07371753929372181,0.1080395048977583,0.039055098493103485
2020-02-04,0.7481085880284033,0.24389412954969075,0.045027743843195196
2020-02-05,-0.2412194866802922,0.10259894480735136,0.016154780343617857
2020-02-06,-0.2494616328291544,0.04909180257555854,0.008895384470698493
2020-02-07,0.21729257370484353,0.02790300265048083,0.008933390631235612
2020-02-10,-0.16180761100586658,0.020327024995468918,0.01879782093590192
2020-02-11,0.11500036486889963,0.016967612512145548,0.06286771408772439
2020-02-12,-0.2489010327952785,0.01971542870615629,0.2619755304953323
2020-02-13,-1.154845487132392,0.7240215179896139,0.9770405585488144
2020-02-14,1.431573943583792,0.9989525922197232,0.9957573035429291
2020-02-17,-0.10308297015100329,0.6354046834349201,0.4974327996864023
2020-02-18,-0.2345277705856471,0.3130525703125372,0.4003863009180082
2020-02-19,0.8663127765699682,0.653628154230544,0.42995695475863105
2020-02-20,-0.04358881289501286,0.2812938739074456,0.33731984984157104
2020-02-21,-0.42611788696262354,0.1778005563693359,0.3854545555629769
2020-02-24,0.4950254592715682,0.13597831686931966,0.5347221201260217
2020-02-25,0.784364282037511,0.32469064588502894,0.8419100380786695
2020-02-26,1.264103292609828,0.9786401556391073,0.9974249125018093
2020-02-27,-0.89683495257631,0.969503745724448,0.9978688136100107
2020-02-28,2.7261220179691548,0.9999999999992795,0.999999999999949
2020-03-02,-2.4325191838767926,0.9999999998795636,0.9999999999928454
2020-03-03,1.7596823310083392,0.9999937419004107,0.9999778498978763
2020-03-04,-0.14426716554165991,0.6463886866568095,0.5673524033709701
2020-03-05,0.39711180087753867,0.3988632649591476,0.4838719794168535
2020-03-06,0.3752742670337606,0.2152041646516277,0.4974249894536497
2020-03-09,-0.40657081302203646,0.1311905785754661,0.6321247146784406
2020-03-10,-1.1057667669178068,0.8382554910914495,0.9846289254876205
2020-03-11,1.2555424156444506,0.996035923670388,0.9996691555334106
2020-03-12,1.7577485428139514,0.9999934176855786,0.9999995570089156
2020-03-13,2.205971806473226,0.9999999914327575,0.9999999994224035
2020-03-16,-1.4582410364834542,0.9998121417287337,0.9999886096345055
2020-03-17,3.735151862611076,1.0,1.000000000000001
2020-03-18,-1.5670585662557732,0.9999456388793945,0.9999967130900309
2020-03-19,3.4095120023541834,1.0000000000000002,1.000000000000001
2020-03-20,2.7628619474475444,0.9999999999997176,0.9999999999999778
2020-03-23,-0.8950733746381087,0.9728289117166499,0.998285611324398
2020-03-24,4.577990142724962,1.0000000000000009,1.000000000000001
2020-03-25,-1.7622052607513934,0.9999952904682342,0.9999997157669276
2020-03-26,1.4157666111838871,0.999635918391174,0.9999760281938955
2020-03-27,-1.4025912774609592,0.9996569658657605,0.9999790398992309
2020-03-30,-1.3238894034768216,0.9992301640698632,0.9999531265640935
2020-03-31,2.111996270246555,0.9999999609351172,0.9999999157526739
2020-04-01,-0.42310411062660813,0.7712478241392094,0.7428420324229333
2020-04-02,0.8251018495698537,0.8752435027546204,0.6455568436609974
2020-04-03,0.1732210546688016,0.4922459049670314,0.36741037075971206
2020-04-06,-0.14159584337712283,0.19915431439537068,0.3245786560461756
2020-04-07,-0.3254868788469263,0.09988481519395535,0.4122130743353089
2020-04-08,-0.8570162547451462,0.3953609878693372,0.7192707976947021
2020-04-09,-0.40527651213416466,0.23813996203107185,0.7884305501100877
2020-04-10,-2.1733390144374334,0.999999796491716,0.9999997140172172
2020-04-13,-0.07571672915165994,0.6322547482242594,0.8689351458137026
2020-04-14,-0.31060847133227315,0.34624853612921147,0.8774207515290937
2020-04-15,-1.102193862810839,0.9334604162944042,0.9945612878913735
2020-04-16,1.9650719824082385,0.9999994727625856,0.9999999598811269
2020-04-17,-2.0293344403147,0.9999998957624275,0.9999999543918344
2020-04-20,-0.9379390370948161,0.9796727607537006,0.9477813385301085
2020-04-21,-0.2981807565566626,0.6779561653352183,0.6176660597242456
2020-04-22,0.11438172807641417,0.30444497674144727,0.533862989560511
2020-04-23,0.09053159871629708,0.10690794241558563,0.5997800052030193
2020-04-24,1.6501696960317218,0.9989878738262177,0.999917895348694
2020-04-27,-2.0395268660970594,0.9999999102379744,0.9999998681540686
2020-04-28,-0.23716292007714174,0.6775448081727332,0.8058580425251701
2020-04-29,0.34037922888196814,0.38723210401389274,0.7812131434717261
2020-04-30,-0.8494251853443624,0.7162801348752491,0.8592960356600459
2020-05-01,0.09423601550860447,0.32959187506439513,0.8545157316479063
2020-05-04,-3.8641170975368224,1.0000000000000002,1.000000000000001
2020-05-05,2.5106484450583046,0.9999999999596478,0.9999999999972569
2020-05-06,1.9158556958124926,0.9999992620617856,0.9999999507824308
2020-05-07,-2.219880056361817,0.9999999950369982,0.9999999997042137
2020-05-08,1.513117085599874,0.9998738947181209,0.9999916947325503
2020-05-11,-3.376805652276709,0.9999999999999997,1.000000000000001
2020-05-12,0.8610221146814423,0.9619122311156231,0.9945514965157917
2020-05-13,0.9737788598227767,0.9774601651492094,0.987671067565407
2020-05-14,-0.9860847238982215,0.9834999767516366,0.9319247361114567
2020-05-15,-0.24785350489872332,0.6594005955045029,0.4119616239367274
2020-05-18,0.28911262544948285,0.3459738383917837,0.2765685105983425
2020-05-19,0.16817467217540216,0.13096595576580797,0.2677460816908917
2020-05-20,-0.8745804651728165,0.47836551898941926,0.39783687521548317
2020-05-21,0.15279919410413112,0.19057613064434892,0.3720616266196859
2020-05-22,0.3716597176065233,0.10228448983563349,0.49389392055229475
2020-05-25,-0.833084163900783,0.3636992336680654,0.8772832378181841
2020-05-26,-1.3781684068290112,0.9949735685149526,0.9995757037506322
2020-05-27,2.3729994721478502,0.999999999489057,0.9999999995942364
2020-05-28,0.25892376218808494,0.6786481617882262,0.913037315657505
2020-05-29,-0.427415798680021,0.46248148763811464,0.9235880039484302
2020-06-01,-1.5087957825454772,0.9991366778366524,0.999689008355742
2020-06-02,-0.20221760699608315,0.6630728812170912,0.969075765523634
2020-06-03,-1.5885397531441283,0.9998237089147606,0.9999878972663708
2020-06-04,-1.5019216760496203,0.9998844479325311,0.9999722517641638
2020-06-05,-0.31580411243126727,0.713035205777307,0.9754786510489226
2020-06-08,-1.5918735015884402,0.9998569588850075,0.9999902910547598
2020-06-09,1.4878293637296713,0.99983261755701,0.9999889735819928
2020-06-10,-1.566461470806585,0.9999451957329796,0.9999939283758696
2020-06-11,0.6859120256198561,0.9026549037763607,0.9931210939286714
2020-06-12,3.7126803717390544,1.0000000000000002,1.0000000000000013
2020-06-15,-2.497244448577852,0.9999999999636935,0.9999999999974889
2020-06-16,-0.924224246319888,0.9776575565237098,0.9985978549661961
2020-06-17,2.0301419031992474,0.9999998423613232,0.9999999877386625
2020-06-18,-1.2140980408135245,0.9978058876117625,0.9988526216899112
2020-06-19,-0.7476288903711458,0.9338148789500358,0.9365107324827564
2020-06-22,0.6785733979146852,0.8601958601585385,0.8281428576070212
2020-06-23,-0.09132981030532829,0.46072488253827115,0.713287474437352
2020-06-24,0.23440299098931514,0.19896389587601987,0.7485946691744344
2020-06-25,1.2402039752889926,0.9547990876714989,0.9908362787366355
2020-06-26,0.6063083276886068,0.8296991582934394,0.9846686307802892
2020-06-29,-1.1417036289115172,0.9904491468025681,0.9992845027946251
2020-06-30,1.7934336988635347,0.999995748432257,0.9999997109462994
2020-07-01,-1.9268457993066888,0.999999520906099,0.999999786816913
2020-07-02,-0.043636126601311664,0.6283814990885456,0.9469014978344756
2020-07-03,0.7787613280835134,0.7655324986484324,0.9780067339657693
2020-07-06,1.418135481084778,0.9989576642335751,0.999914804643776
2020-07-07,-2.065529956130394,0.9999999399070005,0.9999999963964982
2020-07-08,1.9309845440133775,0.9999994058881374,0.9999999538081843
2020-07-09,-0.9290412355341895,0.97838319928895,0.9986346385777964
2020-07-10,1.3575772618982063,0.9992430714492613,0.9999298636990235
2020-07-13,-0.8124667679290326,0.954317136891937,0.9967928055576808
2020-07-14,1.0754274335069398,0.9890231653001783,0.99899760872041
2020-07-15,0.8969553631387909,0.9675248049063637,0.9969346381702517
2020-07-16,-1.0536065557698144,0.9895564514891966,0.9958965383333716
2020-07-17,-0.06156560166094348,0.6149570356841844,0.9544284034035876
2020-07-20,0.9287964444692413,0.8896940484117422,0.9908679502987962
2020-07-21,1.763362905487388,0.9999893236434556,0.9999991670124606
2020-07-22,-2.1804740849115722,0.9999999904739972,0.9999999499384643
2020-07-23,0.021449294814008292,0.6260335186357131,0.2792663001788252
2020-07-24,-0.3498642381473753,0.3644364230282326,0.12793772898192568
2020-07-27,0.1651414407775191,0.13852324528913684,0.07956635565259301
2020-07-28,0.07871994930340732,0.04994506218232675,0.09695635369572952
2020-07-29,0.12992343184273028,0.025374578532715145,0.23409137783682696
2020-07-30,-1.204168326687013,0.8163737474558137,0.852156645518352
2020-07-31,0.19571058498611466,0.4396757206899771,0.7754726133329556
2020-08-03,0.7313118232821844,0.5737215681887006,0.8246601977284087
2020-08-04,-0.3575156067447176,0.33044084425893905,0.852345233652428
2020-08-05,1.2240307682568543,0.9700084874474096,0.9971109054858699
2020-08-06,-2.8413272777552243,0.9999999999999559,0.9999999999999989
2020-08-07,1.8064873681446345,0.9999966386162099,0.999999099067196
2020-08-10,0.33949318535757844,0.7155098275127019,0.9749289421776505
2020-08-11,1.3980338023056675,0.998465485829357,0.9994347670578873
2020-08-12,0.2338107986842891,0.6666853340690331,0.9670281209902315
2020-08-13,-1.2712316002161075,0.9947044555441856,0.9972088880539013
2020-08-14,0.01831701147639226,0.6180901704662533,0.9435733084447498
2020-08-17,0.7773094893683095,0.7578876438478649,0.9764737347893816
2020-08-18,1.2192102488499614,0.9925183981337351,0.9993826099879496
2020-08-19,-2.511866016722122,0.9999999999710972,0.9999999999964362
2020-08-20,0.6563188622135518,0.8890268576080236,0.9914487199220865
2020-08-21,-1.031455692226934,0.9817642003547283,0.9987557535128889
2020-08-24,1.5053670072221894,0.9998460684113324,0.9999784827858904
2020-08-25,-0.9158555895309577,0.9763265000838844,0.9911822200238196
2020-08-26,-0.14844289524172738,0.6139154670293279,0.9518870451361859
2020-08-27,-1.1035522408050518,0.9723116438054767,0.9881563119210539
2020-08-28,-0.009544787978435231,0.5862803082174197,0.9495410039324486
2020-08-31,1.1835816026009491,0.981847978975087,0.9927548892021697
2020-09-01,-0.12526521223833423,0.6155770516646283,0.9604711274903822
2020-09-02,1.4882128172817244,0.9991850432268826,0.9999366868748688
2020-09-03,-1.7251607413608518,0.9999923011740607,0.999997032584036
2020-09-04,-0.13163457330627593,0.6431919534704699,0.9554903621364369
2020-09-07,1.3317558103178606,0.9961728945829377,0.9859875314462528
2020-09-08,0.3656558787031912,0.7241610007169971,0.588087309599403
2020-09-09,0.8091554438974752,0.8434516834452948,0.46490284387147135
2020-09-10,-0.2752658687378398,0.5097342308205502,0.14735252986509997
2020-09-11,-0.11253652046823405,0.20364619622239918,0.055201041849097736
2020-09-14,0.17168055879345612,0.07603922201580005,0.04203445630232488
2020-09-15,0.6729973671155496,0.14317914661417175,0.07160377446980931
2020-09-16,-0.7630761616212121,0.3319306723497003,0.08166032729347228
2020-09-17,-0.38415475477955646,0.18851648749430658,0.03878360189445232
2020-09-18,-0.16612454197838816,0.07186405518069508,0.023218926650672482
2020-09-21,-0.40655971436087174,0.05584217067671822,0.0338526535991453
2020-09-22,0.752189716148408,0.17186761505581155,0.06261889045326141
2020-09-23,-0.6532032981524178,0.24597955947177055,0.053181814452356695
2020-09-24,0.41561169208231136,0.14464089491954887,0.022687201189657058
2020-09-25,0.24013840690833835,0.061467811504664974,0.008587857273091507
2020-09-28,0.15770940661148083,0.029428855259415715,0.004574836763115939
2020-09-29,0.20566610810834415,0.02147484224415391,0.003817897033324055
2020-09-30,0.11005645288058226,0.017211533821545777,0.0035491980092045017
2020-10-01,-0.2081305931086772,0.018433454965819267,0.0045794708436535944
2020-10-02,-0.4137953812125612,0.03044046929473294,0.007150956705905736
2020-10-05,0.2388996013960967,0.022934881847105893,0.006793906412687897
2020-10-06,-0.4914593907629018,0.04228224263756905,0.011821829866225856
2020-10-07,-0.04860808002956135,0.022301018245891348,0.012231868676940085
2020-10-08,-0.38998302982443556,0.030115093075184802,0.03224581353775541
2020-10-09,-0.26199835599145793,0.02466327321029256,0.07853558291319383
2020-10-12,0.10898134124971241,0.01805335233712189,0.24496732613193106
2020-10-13,-1.4258098023693773,0.97272812598121,0.998505598334338
2020-10-14,2.1041004039983284,0.9999999480941643,0.9999998824740179
2020-10-15,-0.7568425738723087,0.9378107385897373,0.7296275011846935
2020-10-16,-0.1974700802928395,0.5797539658866488,0.19022467532351647
2020-10-19,0.27602205253620565,0.2839432040777109,0.05362708799013744
2020-10-20,0.10203735452163369,0.09986569993392068,0.015052753075834157
2020-10-21,-0.1360729560890947,0.04083031567961174,0.007241311744025783
2020-10-22,-0.3288667633084915,0.03284529365923053,0.007830653347022227
2020-10-23,0.0005269768979712545,0.019546789820285643,0.010577338812971935
2020-10-26,0.020009726127614792,0.016091965337813204,0.032106483214054335
2020-10-27,0.5544878679361938,0.04480697023439209,0.1341219932584238
2020-10-28,-0.482859197379552,0.054424165952544165,0.28342742842191093
2020-10-29,0.842164561311692,0.257842014089128,0.5601172784055108
2020-10-30,0.2757192400476394,0.11138310842805678,0.6405488385818472
2020-11-02,-1.5768843844788956,0.9981160592448696,0.9982209706594194
2020-11-03,0.12187742501322398,0.6341219462960073,0.8932162954189303
2020-11-04,-0.4327730412080696,0.43027182857959617,0.9085468266761925
2020-11-05,-1.2518294367649574,0.9862195549093948,0.9936217957284719
2020-11-06,-0.7268692891624585,0.921218768089519,0.9539099673133795
2020-11-09,-0.4029440425012555,0.6716941278015054,0.8971341229409246
2020-11-10,0.40547172914715424,0.4251959832690363,0.9072229334766989
2020-11-11,-1.5182717880308787,0.9991204519691759,0.9999273359522172
2020-11-12,-1.164429732978036,0.9965583469282486,0.999788096168332
2020-11-13,1.8171111707789016,0.9999970230914672,0.9999824014492068
2020-11-16,0.014633384012056867,0.6259272482341851,0.27566642586181134
2020-11-17,-0.32850176281349996,0.35153873735702273,0.12339676843259945
2020-11-18,-0.44636438831079234,0.23364347598315782,0.07819410371427475
2020-11-19,0.595303752915115,0.2375083040407948,0.061735820580809
2020-11-20,0.5632517508511501,0.21665273334679497,0.04294633049170617
2020-11-23,-0.27457995803766483,0.09714048949575126,0.025272603749614198
2020-11-24,0.09616084743394707,0.038075578284922404,0.029584362852659037
2020-11-25,-0.3026591489770956,0.029848899422772475,0.07985384685484802
2020-11-26,0.040148990835772044,0.01882232345658365,0.2417973371183459
2020-11-27,-1.6400054474650194,0.9976724605647047,0.9996188466582462
2020-11-30,1.172972048383163,0.996193717380344,0.9830073349867975
2020-12-01,0.23647070095725287,0.6644828392965492,0.4272175072833684
2020-12-02,0.566429782335992,0.5618263528623324,0.2927708012211015
2020-12-03,-0.697879812751836,0.6511537270469504,0.2039429226242292
2020-12-04,0.11628940256497029,0.2861530212520627,0.05404404160390132
2020-12-07,-0.11578989825361881,0.10313862847381701,0.02219096174804696
2020-12-08,0.4713755508951794,0.0822531540953703,0.02191007892982269
2020-12-09,-0.42506430458108196,0.06449706357166107,0.02606904238297559
2020-12-10,0.4745465096694707,0.060775047761929296,0.03955640185813393
2020-12-11,-0.4775144471382925,0.06313543458288828,0.06808526842321708
2020-12-14,-0.09545088951897458,0.02875188267689821,0.12030927729334887
2020-12-15,1.0798086820509485,0.5782235190445395,0.376634811914365
2020-12-16,-0.2245566371232007,0.2707670433639302,0.2766454558241126
2020-12-17,-0.8454446689332953,0.610708350066705,0.29385258127191405
2020-12-18,0.09457479735607192,0.25677324457048367,0.1834766692378811
2020-12-21,-0.10594394620428169,0.09139267039930213,0.19477503919297837
2020-12-22,0.22573185985743588,0.04192933193364466,0.35375922676366356
2020-12-23,1.5723756661426527,0.9952566630907101,0.9996447597256002
2020-12-24,-1.2454812796590122,0.9983092705017338,0.9994387361740176
2020-12-25,0.012314217711738733,0.6233844898505237,0.9632697992964767
2020-12-28,-1.6928544101634684,0.9999446008781782,0.9999961820382945
2020-12-29,1.533536068722831,0.9998999104302473,0.9999777713035101
2020-12-30,-0.3987158005518138,0.7573046735162362,0.980394244665003
2020-12-31,-1.7013213886804046,0.9999684826715168,0.9999575429401542
2021-01-01,0.7189996171871622,0.916742687265713,0.8422178728494588
2021-01-04,0.6448053543083885,0.827537496397223,0.6294394723483165
2021-01-05,-0.6517938749475973,0.7872983012934026,0.42805134099301456
2021-01-06,-0.01005255017009046,0.3819241923796907,0.19346114971924397
2021-01-07,0.15422415767800432,0.14473568598443126,0.15927458558605748
2021-01-08,-0.42035299120307745,0.09686672771806765,0.2207683542038695
2021-01-11,-0.22760361297488613,0.04525428600157257,0.3800595831431793
2021-01-12,1.6268103521050865,0.9976113983529238,0.9993534166790564
2021-01-13,-0.4100831423470122,0.7610783682314445,0.9759111902379621
2021-01-14,0.9569991907135302,0.9416832955346546,0.9929740234228454
2021-01-15,-0.7287006760010292,0.9021500309261401,0.9926200117995125
2021-01-18,-1.305262176085383,0.9984379986365081,0.9998916299726893
2021-01-19,1.5726420701527652,0.9999356862457958,0.9998241888069087
2021-01-20,0.15023455820606385,0.6430022598610019,0.6665311195958251
2021-01-21,-0.6022902670845331,0.6028808180548726,0.6143836204522459
2021-01-22,-0.5460302197292496,0.5099836662229414,0.5766252759504623
2021-01-25,0.37273531307574004,0.2839943763638142,0.5742501541898156
2021-01-26,0.9630598046187986,0.7637377890332796,0.685524813588144
2021-01-27,-0.04595182209135195,0.3640589454389781,0.6195169579637797
2021-01-28,0.37406967428853655,0.19432587054999598,0.7050860455690575
2021-01-29,-2.425340900100403,0.9999999967695483,0.9999999985786197
2021-02-01,-0.19309718184047756,0.6611433401111474,0.9688910865061503
2021-02-02,2.0780585021902818,0.999999721739549,0.9999995792527351
2021-02-03,-0.8747632787856445,0.9689928492354862,0.8433324522053481
2021-02-04,-0.08279643117164909,0.589109585148807,0.1927761565058383
2021-02-05,0.1894769517111551,0.2613127779107374,0.048223406556520285
2021-02-08,-0.06690174913992876,0.09071262325796363,0.013088000235496996
2021-02-09,-0.07604830797946002,0.036188939018203956,0.005474802267877502
2021-02-10,-0.009088637255153933,0.020444483138422127,0.004269488786846746
2021-02-11,0.26992641363124603,0.020933731074745963,0.006613798731842813
2021-02-12,-0.36252819883259746,0.02730314185552412,0.01353244646495823
2021-02-15,-0.07329573253647555,0.018556042152300067,0.028456479481406047
2021-02-16,-0.4233493927369717,0.031419025141128785,0.1035107333895798
2021-02-17,0.9461120332725401,0.3427049963360557,0.2689210503567775
2021-02-18,-0.22623430185511542,0.14296323829105154,0.24122773471112627
2021-02-19,-0.06624634641643525,0.05147050350068241,0.31839347360664594
2021-02-22,-0.7153676149415029,0.15210126832305115,0.7304680475379142
2021-02-23,1.4945536376437438,0.995398232544503,0.9924598842882055
2021-02-24,-0.18502833724161288,0.6518547572443731,0.8157938833632469
2021-02-25,0.11485417864339888,0.28639503707616276,0.8038182013307787
2021-02-26,-0.9236460267523028,0.7387175412264826,0.945371067092137
2021-03-01,1.014293947444659,0.957742649931014,0.962331646524558
2021-03-02,0.9524277078017139,0.9732585205348548,0.8903010095660473
2021-03-03,-0.04520639972775694,0.589980932656876,0.44784082764503674
2021-03-04,0.7682818091082443,0.730609374037541,0.3690507423598792
2021-03-05,-0.5599319505509452,0.628749734518496,0.19295575304233809
2021-03-08,0.12965766404782092,0.27354370317095605,0.05710972876778923
2021-03-09,0.3987380992159085,0.15352291998994066,0.02968437592572464
2021-03-10,0.3377085787136441,0.07817578629314706,0.02171978456275934
2021-03-11,0.03473307665774921,0.03182050729743817,0.029653735176925933
2021-03-12,-0.7956251832293204,0.18201130860513354,0.08987607472093048
2021-03-15,0.7067468620251202,0.291363716195253,0.08171837980535467
2021-03-16,0.5462278814751593,0.24567382624438275,0.0445736260914015
2021-03-17,-0.25266960468362654,0.10539597039267104,0.015454391832552886
2021-03-18,-0.16995893860714428,0.044239366233868586,0.007113134936306288
2021-03-19,0.194215223702782,0.025538685658428158,0.006369790792487909
2021-03-22,-0.4082871762214821,0.033357373225628775,0.01153745558240019
2021-03-23,0.02504250308761,0.01969256276232227,0.018519142194353723
2021-03-24,0.8981664128771552,0.2395854662406206,0.062062369755639765
2021-03-25,-0.3141671120754925,0.115945841288793,0.023856736116268835
2021-03-26,-0.024896663104442548,0.04263394187350425,0.011680545572915424
2021-03-29,-0.3145446243349662,0.03242834936978032,0.01644760343442562
2021-03-30,0.6963430214986034,0.10384036428631666,0.035167345434889315
2021-03-31,0.6408701768493769,0.15276331368632248,0.030866866658763766
2021-04-01,0.006846735821383901,0.0533957663164975,0.012733797439681024
2021-04-02,-0.3635245266728834,0.04136959164285191,0.014397574753393202
2021-04-05,-0.240789906854029,0.027386361749238114,0.022993433220023222
2021-04-06,0.07711721468685204,0.01842264161839711,0.06206463994454231
2021-04-07,-0.4753481112954085,0.03725594109582288,0.2472241408616452
2021-04-08,1.2418862314781807,0.8616160824568714,0.5942493994862181
2021-04-09,0.13446454062028046,0.46727531012770684,0.2504774683878232
2021-04-12,-0.7029786921481775,0.5842677888415957,0.18459589723768202
2021-04-13,0.36956212567811086,0.33383690746966366,0.06193388291702921
2021-04-14,0.06293722200019786,0.11692301770097999,0.018282161046617007
2021-04-15,0.3597913166920353,0.06600708718017187,0.010889067251488962
2021-04-16,-0.39467582640640386,0.051134445938541696,0.00915224331575232
2021-04-19,-0.39761483796394065,0.04442215723750513,0.0074640413619368965
2021-04-20,0.08239495110472779,0.023037795452714963,0.004140153752219947
2021-04-21,-0.18410763555826165,0.019496979876539432,0.003931033246936319
2021-04-22,0.14429322688919072,0.017184098467601133,0.004348308736587163
2021-04-23,0.2906978499354583,0.020697811260752756,0.0076588867418951375
2021-04-26,-0.6084195757128281,0.0650376243977894,0.016723000182428328
2021-04-27,-0.4030732046858557,0.051919276760410804,0.011642114143611323
2021-04-28,0.392054486509502,0.04178646152285999,0.008444890265430844
2021-04-29,0.017906482066522674,0.021901216631680924,0.006338901702461644
2021-04-30,-0.547676534987816,0.05148291165745887,0.012327795079778424
2021-05-03,-0.011775143470328018,0.0245186071795949,0.00923338591565883
2021-05-04,-0.2697942216652745,0.023126608834080693,0.019493161546132134
2021-05-05,0.577534648832556,0.05473596974400414,0.055233399254031645
2021-05-06,-0.5747540231739752,0.0853897399135023,0.09494713047207991
2021-05-07,-0.8067469476633847,0.2973370136490841,0.1367729510653586
2021-05-10,-0.040612319999974535,0.10280207760902026,0.10169578472659671
2021-05-11,-0.6210616699994428,0.15127026265235316,0.14534655681837508
2021-05-12,0.21401499948204167,0.0613619101502656,0.17867023848410243
2021-05-13,0.8891436741158171,0.33567338180097706,0.37145942790549347
2021-05-14,-0.3260358707399198,0.16741473691560804,0.3840935199110768
2021-05-17,-0.7672541556453228,0.3703596025973991,0.5184989476588935
2021-05-18,1.0758632623169637,0.9137376742984693,0.5588858285848823
2021-05-19,0.12401108510707712,0.5230182584647652,0.13025213560872212
2021-05-20,0.19059821174136063,0.2221621367721947,0.03400983746858485
2021-05-21,0.05279889916662272,0.07599702498891049,0.010707881847796134
2021-05-24,-0.34301157656844916,0.04869704252745648,0.0070335192708879295
2021-05-25,0.1184132761216772,0.024783523099532027,0.004114776970322043
2021-05-26,0.04454552862455782,0.017518481620391928,0.0038698634742853795
2021-05-27,-0.4281554149138907,0.03136983228626811,0.006217441212064809
2021-05-28,0.055889340563368146,0.01930668822957972,0.003954541612942309
2021-05-31,-0.2797595893724468,0.021790120482486616,0.004431723221778845
2021-06-01,-0.21384383532512724,0.020018124970000235,0.004010105089925375
2021-06-02,0.028071160575916992,0.016227534905385227,0.00371699791055621
2021-06-03,0.27468253807720505,0.019727378598734652,0.0056580598943250055
2021-06-04,0.48375739065292395,0.03665913416619614,0.010164681552458678
2021-06-07,-0.5026539485934904,0.053026112773046606,0.011629663594882354
2021-06-08,-0.2908761622638413,0.03454977380755358,0.007433511937992691
2021-06-09,0.24187199592913128,0.024355752823307073,0.006691494418316915
2021-06-10,0.13295547950654105,0.018327175815728104,0.011006417798546485
2021-06-11,-0.36078992496518497,0.026076199107222982,0.03431624325319252
2021-06-14,-0.467808313440478,0.04073553957302368,0.09392464057416032
2021-06-15,0.6010668546921083,0.07568976423058696,0.20506087807744966
2021-06-16,0.08967279883414116,0.03179216960876166,0.3394643440426996
2021-06-17,1.2954680217490517,0.9055666867054373,0.983936985186797
2021-06-18,0.6078347296093368,0.7932777193576329,0.9776483302011199
2021-06-21,-1.2910467370807774,0.9971899857918846,0.9926653663389469
2021-06-22,0.14466010443445526,0.6376494121776997,0.6998449825335901
2021-06-23,0.7353649769430552,0.7252924945662019,0.6600324127109041
2021-06-24,-0.5652384497698181,0.6297248618595251,0.5806162404116346
2021-06-25,0.676940064513314,0.6547637069094745,0.5337955655434345
2021-06-28,-0.6443352538666981,0.658281983863041,0.4750156916432856
2021-06-29,0.7393876755588095,0.7428996601666874,0.40493141765472535
2021-06-30,0.7141366269928537,0.7711432327980146,0.2710841699035881
2021-07-01,-0.18815840091625638,0.4022482771954996,0.07179486129317796
2021-07-02,-0.13843142909015987,0.1543634249707434,0.022223142415137936
2021-07-05,-0.380662352386268,0.09148462215384107,0.012594406105844908
2021-07-06,-0.21363848103575925,0.0424214311660471,0.007773848441792206
2021-07-07,0.5071642825299293,0.053941534426894935,0.00970863943069004
2021-07-08,0.003431956272390837,0.025141096949753514,0.00655367790597086
2021-07-09,0.33918196782463045,0.02610508995569944,0.01180992215123161
2021-07-12,-0.670566689128806,0.09278422208970125,0.026452357495143575
2021-07-13,0.25791379347891225,0.044721196473963325,0.01876737483684604
2021-07-14,-0.1127151507631976,0.023947144315894196,0.02976018777727167
2021-07-15,-0.47630193202899856,0.04067660942502172,0.09321471397811332
2021-07-16,0.6199220844975716,0.08178780372913369,0.20677700462787157
2021-07-19,-0.49562984366561613,0.08089160615623102,0.33120313402219875
2021-07-20,1.190184000088874,0.8611653315842167,0.5563069806487442
2021-07-21,-0.3039152743043415,0.543974087714359,0.22285914779221466
2021-07-22,-0.5762123227762426,0.494240657345683,0.12298178392470144
2021-07-23,0.08733248776445393,0.19033798749259787,0.035502800733273276
2021-07-26,-0.4318990198380242,0.12621378535332792,0.019118488282198802
2021-07-27,0.2585361408351672,0.05665667426607686,0.00917873800810467
2021-07-28,0.2097842743408578,0.029933676283855164,0.008065962926790193
2021-07-29,-0.6299890004444525,0.08128659048543091,0.015329130018782933
2021-07-30,-0.08715653620090147,0.033732102863157476,0.006026406415413358
2021-08-02,0.04151387314861643,0.019847801481362046,0.004400230018378406
2021-08-03,-0.4061891434010107,0.030419330968914395,0.006601696327032338
2021-08-04,-0.3332563462900642,0.029048610184194766,0.005708470696604696
2021-08-05,-0.07599242402243869,0.01905377943770739,0.004033488446241548
2021-08-06,0.3265580675577709,0.02308084083655746,0.004917572266758142
2021-08-09,-0.2749597124127337,0.022875935633280144,0.0050561610666312205
2021-08-10,0.39028444556177344,0.02880671542254796,0.005530545954646395
2021-08-11,-0.06251042213458093,0.018841479051396475,0.003664750348265947
2021-08-12,0.013202612562458175,0.015904499897883107,0.00361508461612395
2021-08-13,-0.3758356317063949,0.026118034666519074,0.0055623100434558275
2021-08-16,0.27853231571674414,0.0231921134504302,0.004679232240637044
2021-08-17,-0.1252435454556884,0.0182032900364275,0.0042095407116474965
2021-08-18,0.43142622499253314,0.030197214031356792,0.006088967576639258
2021-08-19,0.2015325578094731,0.021577909794743236,0.0043862689491127186
2021-08-20,0.270835706454405,0.021344504658559426,0.004501426156278257
2021-08-23,-0.32758407135947115,0.02510407091009895,0.004911773618445891
2021-08-24,-0.110818684287558,0.01848090727067682,0.003567047941958222
2021-08-25,0.12950858452606712,0.016671813640401587,0.0032745955522420146
2021-08-26,0.11758847999036855,0.016020422449859194,0.003361183415381474
2021-08-27,-0.11343864695634316,0.016047989639077612,0.00419267599311734
2021-08-30,-0.26541531051558326,0.020052551758374667,0.007683625915871937
2021-08-31,-0.34059741680987843,0.025418815485837666,0.016984400237060805
2021-09-01,-0.8074567176621031,0.17899517109731394,0.040967611436713354
2021-09-02,0.1592119425589491,0.06653881238683644,0.012136627449580295
2021-09-03,-0.1662314568114442,0.0319367719443305,0.00551793318057843
2021-09-06,0.07368033594737287,0.0195970621547555,0.0037519828291301743
2021-09-07,-0.17270523215276512,0.01819053455831497,0.004113329906412351
2021-09-08,0.33531282043472355,0.023235023144303025,0.005776533633786339
2021-09-09,0.33000697193321016,0.02482918436443156,0.007785578818462396
2021-09-10,-0.47297700557214045,0.0407301441741252,0.013382355358402135
2021-09-13,-0.44140114906336647,0.04516228774931469,0.016822183694508813
2021-09-14,0.6711689967342975,0.1072206780001696,0.02263627999813874
2021-09-15,-0.29360571836933563,0.05542156396770534,0.010046710442217341
2021-09-16,0.10380656595748185,0.026377103845316142,0.0055667895228689234
2021-09-17,0.1359122987343364,0.018932833230302787,0.007050636098106617
2021-09-20,-0.44133108242586433,0.03348109333469805,0.0179225622763834
2021-09-21,0.6972331733501238,0.10561746673131936,0.03380825674725356
2021-09-22,-0.5812748350760039,0.131798693106345,0.026720834710686925
2021-09-23,0.29246178379726423,0.06253146376284947,0.010380089949891754
2021-09-24,0.05110888090603876,0.027631464698522124,0.004917423230210135
2021-09-27,-0.2487955729258426,0.02321862964728047,0.004712945656214553
2021-09-28,-0.059662731866153715,0.017336676891456994,0.0050634763664158325
2021-09-29,0.5328911736663133,0.04209678832168208,0.010784476232542584
2021-09-30,0.46266328944343904,0.04623003148049906,0.01020986982621851
2021-10-01,-0.39284843368866845,0.041504685892714575,0.0079323361336943
2021-10-04,-0.19280477758262127,0.02534318917488243,0.004763256926927671
2021-10-05,-0.003496320123426133,0.01759579568960313,0.003903992158678837
2021-10-06,-0.38183361334019306,0.027318261490092262,0.005722340020969635
2021-10-07,-0.09550824640596119,0.018846754015405996,0.004632799665104937
2021-10-08,-0.43375874617468063,0.03262579437237589,0.007260828023772088
2021-10-11,0.31845952219944074,0.027619978755397914,0.005949479519884636
2021-10-12,-0.15487507495590833,0.020073032611497267,0.005795693599411007
2021-10-13,0.19144826313722318,0.018321658804069822,0.010863113057889878
2021-10-14,-0.01054818926819757,0.015793276988682863,0.03297698252387186
2021-10-15,-0.9979529877653486,0.4069144323181796,0.137582249678155
2021-10-18,-0.08171821882689302,0.149923845064652,0.0506449542413165
2021-10-19,0.6391713619850116,0.19652198413416155,0.03912071535814645
2021-10-20,-0.2857778745171499,0.09065184585100662,0.014664010728121922
2021-10-21,0.021249017606854208,0.035245369440993615,0.006776600054987451
2021-10-22,0.39017957875095666,0.03420103473970222,0.00804432081250456
2021-10-25,-0.4170943800792154,0.03857597509100269,0.009971915970498272
2021-10-26,0.5475207517416948,0.05974038033740166,0.011268342669231872
2021-10-27,-0.12548684418824543,0.02853315073889809,0.0053308009260079
2021-10-28,0.291619309728468,0.024647671591759804,0.004503999516024525
2021-10-29,0.08366975777114415,0.01775989387440179,0.0033962050827060107
2021-11-01,-0.0035140121236989963,0.01563509241095513,0.003431505821431437
2021-11-02,0.33748105206478585,0.02238834425761002,0.004959894346800192
2021-11-03,0.0931215389436023,0.017257376011067114,0.005446021918591969
2021-11-04,0.5311282300208773,0.041766079565101505,0.012156176452481094
2021-11-05,0.33356528496393517,0.032093422178235624,0.013465778809079416
2021-11-08,-0.6556775187060523,0.09369476184344368,0.02483896085883039
2021-11-09,-0.4745933571599152,0.08258333988580767,0.016223753264686856
2021-11-10,0.2662744198186344,0.04181368315040958,0.0074091107590418225
2021-11-11,0.08673907215244211,0.022386138516711188,0.004789481227120891
2021-11-12,-0.28497465014933876,0.02312067671623298,0.006601966048174486
2021-11-15,-0.5272716407931974,0.04842166528852969,0.011080014007647937
2021-11-16,-0.009162555197295164,0.02368964773605718,0.00769662238143428
2021-11-17,0.624043142113806,0.06695902547940455,0.01485458957271706
2021-11-18,-0.35371214241387955,0.04612733449527254,0.00880308079824877
2021-11-19,-0.13436946900975985,0.024859202780408922,0.005234037343066381
2021-11-22,0.42430579135628915,0.03272970979461743,0.006075713822010722
2021-11-23,-0.03856307143490332,0.01967697819948002,0.0036814332858105614
2021-11-24,0.09042721482594683,0.016512291845704536,0.0033507287669600114
2021-11-25,0.21626896963252654,0.01791295161944656,0.003980797070345682
2021-11-26,0.11598629798971198,0.016332616965203578,0.0052612596899676185
2021-11-29,0.6140340977585298,0.05736799533539361,0.01227735872425992
2021-11-30,-0.21677950696294804,0.031394647784518406,0.0066611645168318965
2021-12-01,-0.30651364993767766,0.02760911626900007,0.00620045822329816
2021-12-02,0.2995578540179327,0.02473445721137993,0.006680087584800233
2021-12-03,0.4705093735955893,0.037811333217141224,0.010220229179136198
2021-12-06,0.48484576387313433,0.04725744405535246,0.011612528981950584
2021-12-07,-0.16549445233541826,0.02611173000740917,0.010664770036966094
2021-12-08,-0.669594937338761,0.09237712857682473,0.022915168649888126
2021-12-09,-0.4058707623870296,0.06599487308837687,0.013344057489999582
2021-12-10,-0.26263694608184596,0.0371386461067147,0.007454859247922714
2021-12-13,0.3804634965290271,0.03412036087596737,0.006371488244276231
2021-12-14,-0.1897031232008234,0.022985820951753343,0.00449254841303516
2021-12-15,0.12418238860922559,0.017814866691783515,0.004341472423447243
2021-12-16,-0.31424606865548177,0.022982420598324886,0.0072878260365434305
2021-12-17,0.575365548556646,0.0541469736581041,0.01281406910860022
2021-12-20,0.03963189040008161,0.02527640381704537,0.009292361608113458
2021-12-21,0.0208518681198758,0.017575799614471588,0.01913253800134797
2021-12-22,-0.8711292612465701,0.22393641323229946,0.07058167398052151
2021-12-23,-0.4926661483282456,0.17472968429359415,0.03599639377098284
2021-12-24,-0.1833465505581854,0.06854940312221168,0.011506616357382125
2021-12-27,0.15163753991710008,0.03131211358309829,0.005245034291105566
2021-12-28,0.21612786991536942,0.02238208700260154,0.0040235172368295585
2021-12-29,0.12790828421307346,0.017707502359437136,0.0035397175793641985
2021-12-30,-0.008429758561681556,0.01563037804624569,0.004127301738493171
2021-12-31,0.3379840325520846,0.022413628532459727,0.00813557903281398
2022-01-03,-0.4926304854166467,0.04213172843741373,0.01639368039296435
2022-01-04,0.48142535289364147,0.04920098558958427,0.022558774472890973
2022-01-05,0.7108756196470493,0.13358819492087048,0.033237434383916964
2022-01-06,0.4231415858521501,0.08667027474025432,0.018705485809201595
2022-01-07,-0.2668562813236707,0.044895962127496275,0.012728184650610305
2022-01-10,-0.6231200431025495,0.09421744152930497,0.017460034218910576
2022-01-11,-0.03841922405498337,0.03653419907467667,0.006449944097782167
2022-01-12,-0.25183643949965007,0.02632811510334517,0.004754117390154187
2022-01-13,0.1532787741658532,0.019248118121090466,0.0036682111487874192
2022-01-14,-0.16028329208275854,0.017800638069545495,0.003643190501614004
2022-01-17,0.2693203915367157,0.02004054683956801,0.004059243646061982
2022-01-18,0.2456040131383854,0.01989954858742652,0.003958417513539373
2022-01-19,0.22692206156155778,0.019247171054135846,0.003745660295894885
2022-01-20,-0.13567532035899524,0.01730005908136529,0.0034027417396140713
2022-01-21,-0.13794987746144652,0.016800252866530686,0.0033291210518796447
2022-01-24,-0.09276981624157692,0.015983111055816117,0.003305441080989726
2022-01-25,0.2460372281592545,0.018636630159513105,0.003858398841062125
2022-01-26,-0.24045593645677563,0.019945234701963535,0.004084653647822646
2022-01-27,0.2502040907901612,0.020030015048792132,0.003907815517393707
2022-01-28,0.1585764790212329,0.017591246150855437,0.00340432255990025
2022-01-31,-0.052835417617243405,0.015806784414357584,0.0032304701279662366
2022-02-01,-0.219964238299634,0.018358779016710573,0.0037804153205708377
2022-02-02,-0.19321926820736768,0.01835603878110445,0.0038263349248549927
2022-02-03,0.2893389447659208,0.021039918242540943,0.004075031688860465
2022-02-04,0.0918568469239783,0.016886904618268733,0.0032812614635422048
2022-02-07,0.16263036594642333,0.01678982133949045,0.0032609009076973684
2022-02-08,0.03609816570476201,0.015416007102472006,0.0031458560079381873
2022-02-09,-0.18134115831786707,0.01718052513000892,0.0037186041629322605
2022-02-10,-0.3155277234368773,0.022813776713332828,0.004522215815906535
2022-02-11,-0.04326391810091675,0.017103719307929498,0.0033909804210845483
2022-02-14,0.1164884861711321,0.01612215502188702,0.003479740674248688
2022-02-15,-0.2911244147358996,0.021196938281812405,0.0046359738274080265
2022-02-16,-0.29688430273520083,0.02330281772816431,0.004896931500397048
2022-02-17,0.09672880550939301,0.017539802027493535,0.004481941175030181
2022-02-18,0.5142809169531156,0.03943032890963771,0.007798485716760931
2022-02-21,0.12468102696173305,0.022331262582978097,0.004367614705093459
2022-02-22,-0.07590563666262237,0.017261796773136738,0.004142510685815286
2022-02-23,0.2782610491111982,0.020211088795139602,0.006788873802244773
2022-02-24,-0.20862316328862768,0.019365398650379353,0.014067631667408667
2022-02-25,0.6072717543241284,0.05847155045321382,0.04277070197792682
2022-02-28,-0.8219106035074274,0.2647560029526064,0.0655283086289537
2022-03-01,0.17982596806583587,0.09945111636814014,0.021325682662807887
2022-03-02,0.45162487740851776,0.07533222447117832,0.013090171216460786
2022-03-03,-0.26030383461622053,0.04027142291131462,0.006794650864887794
2022-03-04,-0.20246100431449937,0.025332887027370583,0.00462606912730398
2022-03-07,0.162141463091964,0.019153498942450026,0.004173478634525607
2022-03-08,0.17160007691304335,0.017606845472069164,0.0058147980913227145
2022-03-09,-0.3037997576087606,0.02235337590922841,0.01345096550570837
2022-03-10,-0.7807502137743414,0.15048030954893207,0.03452420884023595
2022-03-11,0.16826758509987225,0.057614382163125276,0.011547041264927324
2022-03-14,0.3531410463560134,0.04006779708468299,0.007195673051658049
2022-03-15,0.15345449947466683,0.023130096647825057,0.004587115638270364
2022-03-16,-0.2945626683145448,0.023879324081475087,0.005150299793294649
2022-03-17,-0.2926257651763527,0.024046423641342653,0.005534730661484828
2022-03-18,0.43722415267878684,0.03364034887899943,0.006419297612102097
2022-03-21,0.11371310161358537,0.020551675310388266,0.003799002774790184
2022-03-22,0.018825022493287304,0.016349852481230324,0.003165576671099796
2022-03-23,0.0034854742862629458,0.015264954281394055,0.00329907337811514
2022-03-24,0.30277216050897654,0.02055859654348061,0.004578708061818958
2022-03-25,-0.3613469827328048,0.027057489547994265,0.005367755612314241
2022-03-28,-0.021621838222506233,0.01809467451002344,0.0037005077762557177
2022-03-29,0.2717108997367224,0.0202294556527763,0.004158056726992413
2022-03-30,-0.2717108997367251,0.021743097937901024,0.0042296194790521074
2022-03-31,-0.04535701279719974,0.01683797085657989,0.0032924745320630664
2022-04-01,0.16388587450392914,0.01679998729403135,0.0033002941554461465
2022-04-04,0.06965728896869612,0.015584887421751192,0.0032937797059688864
2022-04-05,-0.2698449554925144,0.020076419107574864,0.004248824501081118
2022-04-06,0.3011749124090154,0.022170136834543976,0.004289026387608736
2022-04-07,0.11479260326555764,0.017460438319047422,0.0033390972057039674
2022-04-08,0.020857232320889808,0.015555659282281751,0.0031126255153348043
2022-04-11,-0.20876834304839553,0.017947027383512674,0.003503372236667444
2022-04-12,0.03970089775698368,0.01572614652534178,0.00303866755649879
2022-04-13,0.02436910116118903,0.015115081378312314,0.0029574241849943585
2022-04-14,-0.027850886155738344,0.015023218334978182,0.003055601640195636
2022-04-15,0.16490479924686186,0.016311115505887094,0.0035363469035951953
2022-04-18,-0.32659444289892675,0.023096967049142707,0.004595953709410217
2022-04-19,0.11710936412986281,0.017742187074123318,0.003443410475136731
2022-04-20,0.07730563301842802,0.01588747364956287,0.0032621038787404586
2022-04-21,-0.09681320468190047,0.01578864155097493,0.003903109458277024
2022-04-22,0.21577984915075316,0.017682927334463194,0.006681835937826798
2022-04-25,-0.22274824746722147,0.019031569419614213,0.016395782051944675
2022-04-26,0.8880313665319512,0.22569215880577292,0.052061313052346125
2022-04-27,-0.08291874438606701,0.07898255007466046,0.014408805666808171
2022-04-28,-0.127967921729303,0.03423482921540543,0.006436553303215404
2022-04-29,0.37651817396050224,0.03253233212693724,0.005822487923341741
2022-05-02,-0.08278146168099329,0.020076993439261538,0.0038742056980564056
2022-05-03,0.22472734972783553,0.01923428866533208,0.004061104429880725
2022-05-04,-0.21782627660822917,0.019355504901132217,0.004853875786537474
2022-05-05,-0.45649546696238,0.03544293879210908,0.007445457574357352
2022-05-06,0.2333510622035607,0.024292951430294415,0.004940255766410541
2022-05-09,0.21624333163921639,0.020255071965311934,0.004653049649405873
2022-05-10,0.4283442025577944,0.030904349457124232,0.0063959635177985134
2022-05-11,-0.216010751107121,0.02293387877158143,0.005036598922315832
2022-05-12,0.1555218470900179,0.018343418398347022,0.00576430094303763
2022-05-13,0.6080409386473495,0.05773976736524481,0.01244895475198822
2022-05-16,-0.1785315506553463,0.02975351688613804,0.007076320640995013
2022-05-17,0.2666577081778686,0.023868253516859443,0.008493801216188255
2022-05-18,-0.09837811678371566,0.017954861628720384,0.01741648707634941
2022-05-19,0.7449687649330953,0.10764765730914015,0.0612771689352123
2022-05-20,-0.7709437646594061,0.28982353056178367,0.06649220744955862
2022-05-23,0.12435311651002365,0.10366664692204672,0.017704610947710087
2022-05-24,-0.17632336574786814,0.04405187930536862,0.006963064228389144
2022-05-25,0.11348221607550248,0.02340336938927173,0.004168258128886642
2022-05-26,-0.26545406345322364,0.022544740085832675,0.004203479486598916
2022-05-27,-0.08772638152451372,0.017456603824948597,0.0033669512924658375
2022-05-30,-0.09741441260824556,0.016216275170392685,0.003324881228869978
2022-05-31,-0.21711685536993053,0.018397946968756254,0.0038584419865996997
2022-06-01,0.03782369288413225,0.015836171335726446,0.004124735516810143
2022-06-02,-0.0852981641542744,0.01564085815987789,0.007734388033861144
2022-06-03,-0.723113250729934,0.10250044289082864,0.023989948882380555
2022-06-06,0.02910960205272771,0.03863725310384697,0.010236985235556086
2022-06-07,0.029101130829294775,0.021092973291665797,0.012021595858339666
2022-06-08,0.16335304646507456,0.017983942422644793,0.03445186097398814
2022-06-09,0.25212332503609286,0.01947343581997335,0.1321353021023622
2022-06-10,0.8004962615117163,0.14521238100850747,0.49835595691900036
2022-06-13,-0.4513366360013313,0.1065712213249814,0.6537929844329877
2022-06-14,1.6973244119823947,0.9994359080956285,0.9972080842847085
2022-06-15,-0.3670139729432148,0.7392074888010289,0.4205249297048057
2022-06-16,-0.40650053654174767,0.49775195291625896,0.211022179536106
2022-06-17,0.6456843411898572,0.5140389239163898,0.12832039360503603
2022-06-20,0.2696693734601661,0.2401358856767725,0.03625269901599455
2022-06-21,0.07893883586041694,0.08293887960361755,0.010211053764299776
2022-06-22,0.02697289878802926,0.0331062071327306,0.004489962037182283
2022-06-23,0.07615783923198745,0.019931498060660833,0.0033110919187557693
2022-06-24,-0.008086261797622023,0.016203124595649068,0.003111895414649856
2022-06-27,-0.005389011097036341,0.015237709962579574,0.003508358869304732
2022-06-28,-0.33747332244482686,0.02330810796698438,0.005639972256399502
2022-06-29,0.4452246965982915,0.034115402209838795,0.006752686684636137
2022-06-30,0.13452615198907364,0.02104601909851833,0.00427226574879449
2022-07-01,0.3013562515184931,0.0225187603423996,0.004564478872864943
2022-07-04,0.06096298542354721,0.017017861928021003,0.004346524926068626
2022-07-05,0.5143803719342025,0.03911278268658992,0.007851613361912991
2022-07-06,0.19304382763141478,0.023967984532746678,0.004637219377402458
2022-07-07,-0.17971848948124863,0.019651218037259013,0.004055773690493087
2022-07-08,-0.302925983561972,0.02305685581766244,0.004464580035202972
2022-07-11,0.036081262178599124,0.01703634595677062,0.003280709537359574
2022-07-12,0.1275045793205889,0.016251760008496787,0.003168204230358465
2022-07-13,0.13934014206277373,0.016213985031137797,0.0031792848438699076
2022-07-14,0.13581971941636609,0.016149954247439934,0.0032026649358428945
2022-07-15,0.04456119638050912,0.015280592351750038,0.0033428730126063913
2022-07-18,-0.34040228612203827,0.02349979691583789,0.004703611191021469
2022-07-19,-0.06007409318604358,0.01741441472197559,0.0035062649277097548
2022-07-20,-0.10822570128357129,0.016350579392432465,0.003713013056424033
2022-07-21,0.4082359266397239,0.02733694689913461,0.0053708303888446675
2022-07-22,-0.11856183371057774,0.019227551680753022,0.003691512970628557
2022-07-25,0.045309075132483605,0.016078850831322728,0.0032819600022762547
2022-07-26,-0.22008078508636975,0.01844689718200345,0.0039020405701870164
2022-07-27,0.032040564736930066,0.0158316558457388,0.004278604227778341
2022-07-28,-0.45890711285303065,0.03375128009812903,0.00843204480337535
2022-07-29,-0.4374561300841766,0.04088443563191355,0.008153355930187215
2022-08-01,-0.15568348106445756,0.023930816335681504,0.004544631977729543
2022-08-02,0.08090615328060517,0.017544350796475965,0.0036556792359510415
2022-08-03,0.35050785888806385,0.023859005552946254,0.004581306517651883
2022-08-04,0.06646765951987556,0.01740635738210125,0.003364650292276476
2022-08-05,-0.10273600830545462,0.016272561985614834,0.003323032851464326
2022-08-08,0.008732106935995878,0.015243093015513413,0.0037906294261628283
2022-08-09,-0.36880908324447426,0.025328016965033177,0.006789873927129979
2022-08-10,0.17178719906447507,0.019366896326010897,0.008914817568845263
2022-08-11,-0.6740158611976105,0.0856873283199764,0.023371466849338746
2022-08-12,-0.22183845292756002,0.04103559467340462,0.015296718060301136
2022-08-15,-0.4301504998539889,0.0437312505529173,0.022904957935007866
2022-08-16,0.784043293596124,0.17802392484153065,0.03849350080883804
2022-08-17,-0.1984913094323446,0.07120492884270543,0.01356095887298301
2022-08-18,0.11521051214757035,0.03105998054181052,0.008234758307344176
2022-08-19,0.5511742264817373,0.05510451628296567,0.013476300407786784
2022-08-22,-0.09906894242328022,0.026568517572825613,0.012034854959986551
2022-08-23,0.6887426645009678,0.09299309259187527,0.027863495169419553
2022-08-24,-0.5607146156126512,0.11169593618988327,0.022480522981888955
2022-08-25,-0.033675703298546494,0.041500108041643696,0.009654128594235917
2022-08-26,-0.4861917876252071,0.05300228353492431,0.011212984691704394
2022-08-29,0.2568957605364378,0.03109312749691502,0.008144452992604963
2022-08-30,0.5655438220410071,0.05828647305093325,0.011726625515240858
2022-08-31,-0.3025720916536956,0.037450054138678184,0.0067376673935585826
2022-09-01,0.033664366586230475,0.020794834949725043,0.004032735615920229
2022-09-02,0.31656074903571163,0.023190396716772765,0.00436253910323783
2022-09-05,-0.08122697090104088,0.017550471522474295,0.003346611952381353
2022-09-06,-0.05172724670052276,0.015788179501763044,0.0031455211508021833
2022-09-07,0.1457059070374964,0.016188134239257357,0.003444814796608869
2022-09-08,-0.2600008556980388,0.01988361374000261,0.0043683970601270565
2022-09-09,0.18146629945749126,0.01803095947005512,0.004902434363296557
2022-09-12,-0.46642592051591053,0.03589599886308505,0.008904665623993899
2022-09-13,0.24055368993578147,0.024729479581751587,0.008307342197531802
2022-09-14,0.6453466021828412,0.07455159609171678,0.015481801249941769
2022-09-15,-0.2671613486197076,0.040536294105239665,0.007289208002074719
2022-09-16,0.12462636120807778,0.02263660969122142,0.004076810867169461
2022-09-19,0.0830023929305562,0.01722223609120543,0.0034259306186501205
2022-09-20,0.2659367522389858,0.019723923908501268,0.0039871592386678265
2022-09-21,0.15202710855480783,0.017383176195760866,0.00398006844723978
2022-09-22,0.06927221074075056,0.015734084904593985,0.0058090139802018746
2022-09-23,0.05058717173807661,0.015199050195090427,0.015490178583736303
2022-09-26,0.02927972102645897,0.01498914899642332,0.0606514006601254
2022-09-27,1.1443815975913185,0.6527134052660546,0.2706486642529691
2022-09-28,-0.24233367440164144,0.328673869442021,0.0738354448844151
2022-09-29,0.05338788542396338,0.11454376934007733,0.019260898972688276
2022-09-30,-0.0006563936343721743,0.04206236317375839,0.008150825740264697
2022-10-03,0.3013523996647919,0.029970971872645268,0.009053077229376622
2022-10-04,0.4522966643441057,0.03836264552433569,0.016476103375633145
2022-10-05,-0.7220247973487021,0.13716578954721917,0.028456704288304085
2022-10-06,0.17573610831343117,0.053717276997411675,0.009446663238251444
2022-10-07,0.05982157709831513,0.02531007616747164,0.005096155762340517
2022-10-10,0.19828247444806132,0.020034042775575193,0.006141248367819769
2022-10-11,0.6342170396986547,0.06631109178359137,0.012944528226145934
2022-10-12,-0.02933363774435113,0.028643556813811137,0.005319467390504738
2022-10-13,-0.12982567609912277,0.019806251816282722,0.004183922474195479
2022-10-14,0.2959359659024568,0.021832051830570815,0.005246911840929059
2022-10-17,0.36382576515251525,0.026414752220184003,0.007223591796992302
2022-10-18,0.1386871223228546,0.01899259762698599,0.010328795192570555
2022-10-19,0.16047709650426215,0.017337777289192245,0.03004372285177907
2022-10-20,0.989513408808527,0.36473201845226594,0.1157073184367646
2022-10-21,-0.3720099216801523,0.20225601033223345,0.0469119435771682
2022-10-24,0.4104148379814179,0.11907482949268723,0.02086388648904698
2022-10-25,-0.25310385958785,0.05542993064096711,0.00913316833814318
2022-10-26,-0.24088271029948446,0.032077761993180576,0.005949225410563809
2022-10-27,-0.29821129734139407,0.027343966794794422,0.005793005049133749
2022-10-28,0.3316496273415069,0.02647193410580314,0.006309147026181341
2022-10-31,-0.03215082582788334,0.017992524998948604,0.00801035765793904
2022-11-01,0.6397814263633276,0.0658560537356603,0.02247060981796464
2022-11-02,0.2616549563906326,0.03571139532867637,0.022689509021395417
2022-11-03,0.038233607806595245,0.020354444910969664,0.04737951408236321
2022-11-04,0.5337412594720975,0.0442867441766781,0.17377526553846495
2022-11-07,-1.0863612152902435,0.6741638126729141,0.37977488246558466
2022-11-08,0.41873832541585754,0.43703273217422695,0.20332181103144695
2022-11-09,-0.1915709398138898,0.1807999412799049,0.14023230446706597
2022-11-10,0.1692398979780034,0.06788224838028764,0.16201810468226166
2022-11-11,-1.100375217542445,0.7498095844683246,0.3291320568127824
2022-11-14,-0.16852650278467168,0.37738736634586406,0.09640453904126829
2022-11-15,0.3625292239774258,0.19707142257873225,0.0421590856159792
2022-11-16,0.17306469678558753,0.07383703464244995,0.02625484801766718
2022-11-17,0.6279656673384504,0.11654659831451944,0.04005758876891437
2022-11-18,0.41434322226913783,0.07598607679676683,0.04269915993140599
2022-11-21,-0.5780006027471726,0.10476699227417674,0.06740333385300303
2022-11-22,0.8003994235649123,0.29803767457945324,0.08889610279670992
2022-11-23,-0.5345904668159016,0.2564067763156417,0.05411515229269068
2022-11-24,-0.3285359660700002,0.12781239113057152,0.025472730816596047
2022-11-25,-0.09351351576361233,0.047696556172125766,0.018440203970258983
2022-11-28,0.44820654411226213,0.047065103817685,0.03583788387098218
2022-11-29,0.4512923598410057,0.04719083139524512,0.07344179805753762
2022-11-30,-0.12391772179067198,0.024899318582395774,0.1581484797166292
2022-12-01,-0.5867176679019077,0.06304312334472799,0.5400936905834895
2022-12-02,-1.800629481955149,0.9998341704566447,0.9994960046438204
2022-12-05,0.42565008297213053,0.7616781699853681,0.5725639916966669
2022-12-06,0.6418615005315457,0.715072515613032,0.4081232176354082
2022-12-07,0.6595355548931291,0.6986089854734117,0.24905549195864102
2022-12-08,-0.1729716309415203,0.3378622784606308,0.07451978482703986
2022-12-09,-0.03847880506657074,0.118298500062711,0.03425255344070091
2022-12-12,-0.051328116101870366,0.04371291809522316,0.03844511413212072
2022-12-13,0.6033603321589501,0.07903110005517947,0.09850365301570325
2022-12-14,-0.7787148913232333,0.2527396435758009,0.16359262224936488
2022-12-15,-0.474939075869507,0.1845500104495823,0.15614509225434664
2022-12-16,0.9322728016224198,0.6207172211211662,0.180256813294322
2022-12-19,-0.06465425982760264,0.26182207982568717,0.04555297774176065
2022-12-20,-0.31042432118065283,0.12549360642540425,0.017043777007390386
2022-12-21,-0.07389914709691164,0.04637998077169653,0.007008326085149914
2022-12-22,-0.27680342113066886,0.031159679297719095,0.006519384283084566
2022-12-23,0.3217920140678868,0.027285588253650114,0.008610451852656643
2022-12-26,0.018634713060833284,0.018095146852317962,0.015869572240408594
2022-12-27,0.2636882206935216,0.019924508977133687,0.056005648771554194
2022-12-28,0.06725488251714126,0.016382712779505322,0.20212670304490804
2022-12-29,1.0921414654163786,0.5551198840995883,0.8772815731725331
2022-12-30,-1.0761350628211686,0.9585648652405504,0.9014094763543864
2023-01-02,-0.7144552248990013,0.9031502239423462,0.6170318818002204
2023-01-03,0.26530464626932243,0.559314922917833,0.16628236024359827
2023-01-04,0.1400934932407738,0.23261758337191418,0.04316366106104294
2023-01-05,-0.07580548074052372,0.08102578943759402,0.015962942826928228
2023-01-06,0.38486256612944564,0.05391764465856734,0.01442597732287593
2023-01-09,-0.11338176444029371,0.026554481323528764,0.01977710585438365
2023-01-10,-0.1430286324534819,0.019497015245990065,0.05824698664195124
2023-01-11,-0.3285211286258423,0.024443410102487535,0.22455745893954845
2023-01-12,-0.7426641800542236,0.12802680297444172,0.7222168318447271
2023-01-13,-1.5824563529148967,0.9984304927276203,0.9928743578087654
2023-01-16,-0.37772404935630544,0.7438475418973237,0.36803693642477997
2023-01-17,-0.21724035526341895,0.3898331756883359,0.1307206354947855
2023-01-18,0.5290317853656795,0.30655892760634984,0.0733546134687664
2023-01-19,-0.4362489567863119,0.19861625847832806,0.03701706910732015
2023-01-20,0.2976487959986031,0.0902480577364683,0.0190260384039034
2023-01-23,-0.5636329130641213,0.11070004928138102,0.01899108203909345
2023-01-24,-0.3253207981741371,0.06098371416700961,0.010134196086943152
2023-01-25,-0.34376337565966053,0.04245771982904775,0.006966828173336352
2023-01-26,-0.11239508898910151,0.023306958749561735,0.004370121492231606
2023-01-27,0.02543274489072412,0.01707282651150226,0.004706778819726106
2023-01-30,0.18654425583264397,0.017338268763724938,0.009906200909681546
2023-01-31,0.16418679263739414,0.016945968719775863,0.03084308925978446
2023-02-01,-0.028679034933074925,0.015499173166559117,0.12051426941700333
2023-02-02,-0.9093512937070639,0.26487855519786585,0.5360192943171418
2023-02-03,0.17487225333421616,0.09894213520490526,0.5906587055102586
2023-02-06,1.3204539415985905,0.9604689352822954,0.9235756260782833
2023-02-07,0.8005656988331463,0.9323607177245046,0.7085891461785401
2023-02-08,-0.3492935307342385,0.6492715456196125,0.22951028822624275
2023-02-09,-0.19825541783176437,0.30971730782505785,0.06027185697613478
2023-02-10,0.1520309642731903,0.11402411011731634,0.01712121442664029
2023-02-13,0.27834538580039114,0.05420667798636801,0.007711417866147397
2023-02-14,0.18951484622994347,0.028367387672814173,0.004634855869168875
2023-02-15,-0.21059566848837724,0.02194461078839397,0.004237303563822541
2023-02-16,0.20402126264792475,0.019197120747295904,0.004510432827701779
2023-02-17,-0.4480766590086654,0.03437506468063065,0.006847504094652665
2023-02-20,0.11220752967664067,0.02072836632220989,0.004083543059006651
2023-02-21,0.023085929228736705,0.01640135837497968,0.003973863616539584
2023-02-22,0.4638852884395508,0.032508362476524263,0.006792103665598209
2023-02-23,-0.26951536445792795,0.02586541196577257,0.005052104628868452
2023-02-24,0.1184132761216772,0.018509893704547288,0.0038914264418288425
2023-02-27,0.31312001877016665,0.022191989122458552,0.0047736983524713965
2023-02-28,-0.3196948568671503,0.02495016943087678,0.00513825431395368
2023-03-01,0.20361923682685978,0.02007779065362651,0.004380405573640557
2023-03-02,0.019683102120440645,0.01622854202471336,0.0053588951193614
2023-03-03,0.5169322814924677,0.03897173940452121,0.013001260824043548
2023-03-06,-0.43758563258785527,0.043675802138031204,0.017029811151247434
2023-03-07,0.6331910936648111,0.0894744032005952,0.02400310678000168
2023-03-08,0.5521466494305457,0.09818553600231861,0.01764059354273157
2023-03-09,0.08417781440503147,0.0381136230122497,0.006572434044025254
2023-03-10,0.2521091221867173,0.02594876469513694,0.004878931149072159
2023-03-13,-0.10594021217124092,0.018633070263183223,0.0047419203598894994
2023-03-14,-0.41189381441930223,0.030360490503545765,0.008522038525289558
2023-03-15,-0.24040815971188137,0.023749663930534952,0.010920782151059315
2023-03-16,0.6936593889142967,0.09153836710111504,0.02479345937565798
2023-03-17,-0.36892051809715093,0.059156298325135824,0.01699440412298181
2023-03-20,-0.3475101335820484,0.04209283669560089,0.017460420875075516
2023-03-21,-0.18561641358382117,0.025258714823571463,0.028478661825022532
2023-03-22,-0.30032013170767924,0.024968414735705907,0.0840992012759246
2023-03-23,-0.2815519947986706,0.02385880594641536,0.2630511178031994
2023-03-24,-1.346643889730572,0.9447816756521608,0.8663008165147275
2023-03-27,0.6689874262807298,0.8612028365310103,0.5264593787256999
2023-03-28,-0.26772007859718405,0.5240995646874818,0.15639133261505647
2023-03-29,-0.30826880238649246,0.27007212167717964,0.049845792311564455
2023-03-30,-0.19606220453553141,0.10613021268037488,0.015272399603939377
2023-03-31,-0.07653528483674749,0.040690556404060135,0.006397541604531338
2023-04-03,-0.21327654045477218,0.0259034514757052,0.00578114164534527
2023-04-04,-0.4882462964729085,0.04364530082864643,0.008707057626309243
2023-04-05,0.2878855802764026,0.02969903960075968,0.005422303417128947
2023-04-06,-0.013371665460854389,0.01875453124305586,0.0037403912130303347
2023-04-07,-0.16059960625298372,0.017666488159683493,0.004308778866001143
2023-04-10,-0.1742744592835283,0.017667243393621992,0.006901707328183264
2023-04-11,0.3281875622409326,0.0226539823691711,0.017290353416410983
2023-04-12,-0.2812376301266094,0.023030375654353976,0.047624035772878506
2023-04-13,-0.6019556454390488,0.0654650372853457,0.14959608059600907
2023-04-14,-0.700664602552455,0.16115579547510755,0.25311403966969714
2023-04-17,-0.18359234069209449,0.06381132054949239,0.30591985295391666
2023-04-18,1.1301849395803814,0.759008086990842,0.5891713670715661
2023-04-19,0.20168074063046,0.38980204100548904,0.44264016541926743
2023-04-20,0.7760274427619477,0.5921249247298906,0.453401165590577
2023-04-21,-0.4006415615438633,0.37267271646699207,0.40075944948951786
2023-04-24,-0.7252247740764209,0.5331318196348128,0.4271937473800116
2023-04-25,0.7185337968567088,0.6316091337713248,0.40404376524185437
2023-04-26,-0.06693440678280617,0.2690466988755864,0.34435092124707506
2023-04-27,-0.6280140869776544,0.3160669244565289,0.4227324977276292
2023-04-28,-1.0668845163708691,0.9034557964121379,0.49684478907746815
2023-05-01,-0.1431151639645648,0.5205091465311872,0.1294631457672127
2023-05-02,0.05795224215781252,0.20176534978646052,0.044087075484845605
2023-05-03,0.5505723532666436,0.18101735154785828,0.03195007807453881
2023-05-04,-0.48924773973399105,0.14396820009255187,0.019663085502512265
2023-05-05,0.13274112328437263,0.05354191486540791,0.00786353502727307
2023-05-08,-0.2179243575611028,0.03021728675383354,0.006913672665178428
2023-05-09,0.5574832576749261,0.05583287798638403,0.011285261674443053
2023-05-10,0.11518787058080075,0.026712007396740803,0.00757621416166716
2023-05-11,-0.5159900103346821,0.04885736424798599,0.013360098034024097
2023-05-12,0.5396886985539376,0.06520592916708215,0.013215640224542882
2023-05-15,-0.18635545061466974,0.03239787954233492,0.007333831186342912
2023-05-16,0.35208919844903414,0.02981969010776997,0.008487728550523623
2023-05-17,0.6064708615566653,0.06763492876501762,0.012849843926819142
2023-05-18,-0.05712077839566613,0.029317620571487873,0.005386179156877143
2023-05-19,0.26516756327912816,0.02365794823107236,0.00430869422958312
2023-05-22,0.013407521639716985,0.017148784410716753,0.003355006889811045
2023-05-23,-0.21473635952525294,0.01861288071471504,0.0036829422518703005
2023-05-24,0.0604412227526626,0.015996919642643728,0.0034168976585122815
2023-05-25,0.3411454703020676,0.022725267314502827,0.004483515358766463
2023-05-26,0.1611157563270784,0.0183973180174383,0.0035812900916370287
2023-05-29,-0.14706868082994984,0.017281055710315903,0.003411639817764763
2023-05-30,0.08024609230938132,0.015790577643944367,0.003353841288710347
2023-05-31,0.1269247640250693,0.015907258417799656,0.004349358132012091
2023-06-01,0.03337449552054459,0.01518109402741932,0.008625668480704228
2023-06-02,-0.5152063853494162,0.040841978249296404,0.029076381336043008
2023-06-05,0.5085323772713815,0.053208613928184975,0.05196252694062978
2023-06-06,-0.895003041281685,0.3536306749549508,0.09091011007089322
2023-06-07,0.15140557709525354,0.1320738984586628,0.023847059058887045
2023-06-08,0.11424348542705798,0.049063071135171776,0.00857546832882533
2023-06-09,-0.35660256460691003,0.03875954692756397,0.006540384142807018
2023-06-12,-0.020223128586901885,0.021164111402412974,0.003888539089954098
2023-06-13,0.2592201286567275,0.020751393950591182,0.003895255402987425
2023-06-14,-0.016812091295627534,0.01643810570576186,0.003321385181888257
2023-06-15,0.26865487311759706,0.019568811102770516,0.00388855832584886
2023-06-16,-0.08052070488061927,0.01657875944353276,0.003614484007531372
2023-06-19,0.207879370753201,0.017710174619443193,0.004837534544291946
2023-06-20,0.5344748158880943,0.042603073063400915,0.008894239331607424
2023-06-21,0.05329070203388764,0.02226751651591991,0.00550877796673443
2023-06-22,-0.48733365249516686,0.04124895602454143,0.008324754995737671
2023-06-23,-0.05355110911829305,0.022072474884518294,0.004757580598598312
2023-06-26,0.34757069947859487,0.025446262179162675,0.005672197989533702
2023-06-27,0.34636682866169133,0.026683666496901598,0.006209739213835494
2023-06-28,-0.3763973599272789,0.030904227868785654,0.007172530266221975
2023-06-29,-0.010012181495839906,0.019059852171509264,0.007146540859361235
2023-06-30,0.5525059819606466,0.04662634935064623,0.017387771649057478
2023-07-03,-0.5191359412732344,0.06328521956158738,0.022676699321821456
2023-07-04,0.4660150900904797,0.05844251817240167,0.025018200065334076
2023-07-05,-0.30599371976532447,0.037800691617811646,0.03415060435299002
2023-07-06,0.4453758151410926,0.04154648558926838,0.07567701895601
2023-07-07,0.7420815941181194,0.1426676305697901,0.17037104147681612
2023-07-10,-0.4043888381806167,0.0914635573250778,0.20983458425854068
2023-07-11,0.580017444687817,0.1105697267268943,0.33464167639577025
2023-07-12,-0.3898242550031907,0.0718978240483527,0.5093423924661444
2023-07-13,-1.5210619148014566,0.9950060602012751,0.9702008500483724
2023-07-14,0.1740178472735836,0.6420678097415373,0.22875214652100778
2023-07-17,-0.020063534593303258,0.2721778040513539,0.05306442494591804
2023-07-18,0.21046661184124432,0.10631150335097468,0.01548465573139552
2023-07-19,0.023357859191566833,0.039701360160464556,0.005787978389638999
2023-07-20,0.04002935539473127,0.021417117550772632,0.004088288589891527
2023-07-21,0.39609285064021527,0.028633452282956925,0.005481629408772099
2023-07-24,-0.22281723247763283,0.02247749619632498,0.004206805580987432
2023-07-25,0.02330265161428823,0.016854028976984216,0.003283066200430022
2023-07-26,0.06987539173291048,0.015600467346074268,0.0034455041503862163
2023-07-27,-0.1664503197311653,0.016891563753728113,0.004990456100515918
2023-07-28,0.5846804244949481,0.05120719463457592,0.010163612086811543
2023-07-31,-0.046383726770040386,0.024684288416045138,0.004696751160399059
2023-08-01,0.10598835120432523,0.018020113109817205,0.003940884108477377
2023-08-02,0.17860100662887335,0.017433963728854703,0.005487645603066701
2023-08-03,0.5864732964105956,0.05203384068442485,0.012112635958484422
2023-08-04,-0.3884011334095197,0.043677368750572695,0.00852698838907694
2023-08-07,0.013190871935753724,0.022397905755290024,0.004989783486946481
2023-08-08,0.4540228230207399,0.03460797168768086,0.006684158912237883
2023-08-09,-0.16294652957800182,0.022306750566239424,0.004247659391531926
2023-08-10,-0.0013164594907514305,0.016805345635398816,0.003650569326189428
2023-08-11,0.34136447512766027,0.02304606405388898,0.00509744297261451
2023-08-14,0.3793829772818476,0.02803378622800634,0.005568977178165681
2023-08-15,0.19566925105409136,0.02076439226015358,0.004206777417175638
2023-08-16,-0.23158351429987725,0.020305531418313,0.0043917663330725444
2023-08-17,0.32927475265310663,0.023693511619436163,0.005021124247066695
2023-08-18,0.0032547315663061763,0.017159521552522213,0.004968192914532797
2023-08-21,-0.5515589772985302,0.048582987540033144,0.010329387953336756
2023-08-22,0.2673500548387653,0.03019775249826763,0.0056302161685197385
2023-08-23,-0.012406298513877093,0.01888194736347605,0.0037058969420633407
2023-08-24,-0.14962151108200492,0.01746914454924289,0.003964664907768728
2023-08-25,-0.3609176263873282,0.02572385505483594,0.005631913677137096
2023-08-28,0.32102756302481894,0.025234053226306646,0.0052117591474377944
2023-08-29,-0.21281131674939863,0.021050254972474983,0.004710344554956468
2023-08-30,-0.38749555907731553,0.029331325230413832,0.0057635843280512975
2023-08-31,0.12823676233298534,0.01961168266825536,0.003702846215705637
2023-09-01,0.09853188303324163,0.016578900096836977,0.003184801787719109
2023-09-04,0.013130252119713517,0.015322468993123929,0.003124897991818286
2023-09-05,-0.0393959295968626,0.015132151964463715,0.0037221385899126034
2023-09-06,0.4651933041078918,0.031964721725134065,0.0065256690399750576
2023-09-07,0.24809048436691575,0.023787094750872984,0.004457841461663853
2023-09-08,0.03911597937612575,0.01723674907567719,0.003320779961688609
2023-09-11,-0.15655580497027832,0.017146844108220413,0.003349470398274304
2023-09-12,0.1376491121165884,0.016432011676503586,0.00318052656537693
2023-09-13,0.0723417379494102,0.01550796759070569,0.0030490567668146297
2023-09-14,0.018237868870015998,0.015051035913849205,0.0031894062230462244
2023-09-15,0.27318866997017555,0.01928215106136317,0.004174293863826648
2023-09-18,-0.3187927620990172,0.023789748519020368,0.004786385085956258
2023-09-19,0.20180327780822396,0.01968241882753578,0.0037688617844165283
2023-09-20,0.04876225248189588,0.01621210232723849,0.0032217392075457167
2023-09-21,-0.1528679291366279,0.016780952515342548,0.003530281110077617
2023-09-22,0.2568146657983481,0.019252607349640592,0.004150614766130366
2023-09-25,-0.21125509587365457,0.019152999140264568,0.004782476442428105
2023-09-26,0.2404706582375783,0.019447856277841763,0.007234516986754525
2023-09-27,0.5696176965523537,0.050171646265602984,0.01658690343159104
2023-09-28,0.48934486933827376,0.055299645247138415,0.018784836792448217
2023-09-29,-0.6120561580274709,0.10004167428922499,0.022249698681183122
2023-10-02,-0.1681651001049456,0.04243458508211487,0.0115778118130609
2023-10-03,0.43922044515075215,0.043102431876934605,0.014764164059707464
2023-10-04,0.6808427610384835,0.10948359200246625,0.021482370982050573
2023-10-05,-0.19863524936910115,0.04739377600500873,0.008545658997894064
2023-10-06,0.2562297218919555,0.02919499470006127,0.005658441720509679
2023-10-09,-0.17929184542889975,0.021184503448945402,0.005639740494235444
2023-10-10,0.5649613007610067,0.05057962837714365,0.009933769660524581
2023-10-11,0.17255461343137465,0.026704188966594794,0.005041665449429406
2023-10-12,-0.16236095443853107,0.01999426611961573,0.004189301250353938
2023-10-13,0.2926955512880284,0.02174970837287154,0.004968187965693449
2023-10-16,-0.40108282320788086,0.030853793429751662,0.00625364466652548
2023-10-17,-0.006379381840062509,0.019037654446734588,0.004325744284368591
2023-10-18,0.3388205397932576,0.023753276925913152,0.006073199115156997
2023-10-19,0.4997587978341329,0.04119362426172648,0.008479711650661644
2023-10-20,0.3095097692373739,0.030184362580577433,0.00550775285230416
2023-10-23,0.07565250644514343,0.019150270202411755,0.0035293912369367465
2023-10-24,0.037804801660009824,0.016030427311142313,0.00314416036709264
2023-10-25,-0.03780480166000646,0.01530675123778482,0.0034356147897001443
2023-10-26,0.05985100429092117,0.015135924243891066,0.005126901543352252
2023-10-27,0.2673167721244139,0.019094255046726998,0.013027092250987846
2023-10-30,-0.10369696280136695,0.016740636038895397,0.03914991872804358
2023-10-31,-0.3811448395317543,0.026884629587957065,0.1566114700243103
2023-11-01,-0.5969927808573252,0.06767672972654613,0.45757887075636594
2023-11-02,0.9561274641853387,0.45971015084764766,0.8008627710234782
2023-11-03,-0.3906993437965077,0.271725896669083,0.8409537195077436
2023-11-06,-1.6289321307572542,0.999577006368299,0.9974604470573487
2023-11-07,-0.07768086347412165,0.6319200293463348,0.3319719307277661
2023-11-08,0.47158768419873437,0.4449642152230971,0.1907522241863545
2023-11-09,-0.1765833017157648,0.18158186855305075,0.1291211566834919
2023-11-10,0.6236926073888707,0.21436137673955225,0.15045272299455875
2023-11-13,-0.19556325923377563,0.08430311135637235,0.16908695518011552
2023-11-14,-0.10207337409376231,0.034990411482393374,0.31798697483270144
2023-11-15,-2.4946362788229886,0.9999999968906153,0.9999999997537256
2023-11-16,1.3442377993851875,0.9992418227121863,0.9974594112294334
2023-11-17,-0.08267860463121628,0.6322023210735012,0.5831864490345403
2023-11-20,-0.48972455827906497,0.4784331442163953,0.5119297159985459
2023-11-21,-0.11241026637286931,0.18736209017161767,0.4994761760845503
2023-11-22,0.7719408452079587,0.3766246216252321,0.6598524515497951
2023-11-23,0.7167199353393117,0.49958343246089887,0.7348494279078378
2023-11-24,-0.7573686889901778,0.6789249536324788,0.7842617974928991
2023-11-27,0.418612751053409,0.44087582042519335,0.786809583042815
2023-11-28,-0.6027124106274666,0.43880549803744756,0.8802142813313434
2023-11-29,-1.35069017343724,0.9948829025480738,0.9988834294929739
2023-11-30,0.9652458690039386,0.9801933847801448,0.9908528988021283
2023-12-01,0.9193657374325787,0.9704607034771425,0.9443386851495681
2023-12-04,-0.7222447035734653,0.9122418333658988,0.7266459884389824
2023-12-05,0.53299346664147,0.7430370115562863,0.36985414408060147
2023-12-06,-0.4061121434462394,0.500831763789041,0.15860257512511616
2023-12-07,0.1486892991399653,0.20161633637595688,0.07156188163990886
2023-12-08,0.1291155763619808,0.07225366894885993,0.06505072875041332
2023-12-11,0.38763607649323095,0.0503563218666908,0.12376296255985458
2023-12-12,0.5562820629787064,0.07051820758390984,0.292305715213026
2023-12-13,-0.49974476123827255,0.07462481450662133,0.5488862424354879
2023-12-14,-1.9064252649878446,0.9999661017674,0.9999978236441038
2023-12-15,1.255586868739173,0.9982160180891231,0.9998726550743107
2023-12-18,-1.2045373500778511,0.9975789877937785,0.9992389371851311
2023-12-19,1.11657774745952,0.9938635302040125,0.965258885028697
2023-12-20,0.00387978652122531,0.6168084518094233,0.26001802648440586
2023-12-21,0.4068064887678001,0.38247727915254826,0.11142568319957623
2023-12-22,-0.503909587512742,0.2960757333184069,0.05597969511440814
2023-12-25,-0.19967982784809235,0.11741366469528244,0.018418655390479325
2023-12-26,0.3291296841126606,0.061622895714895085,0.009923084241435627
2023-12-27,-0.388853373969248,0.04822666289981566,0.007890599216618027
2023-12-28,-0.17547854891210815,0.026748038695932105,0.0051050635716975955
2023-12-29,0.337684586098913,0.0266253318207151,0.005600997477132797
2024-01-01,-0.2720090949521681,0.023958964131949007,0.0059927196359950575
2024-01-02,-0.0006475268315816516,0.017232375889587988,0.008389387248282618
2024-01-03,0.7447979768144393,0.10640015902933055,0.024979978532735904
2024-01-04,0.3671147007841835,0.06254993921934252,0.01206924260790343
2024-01-05,-0.28326807069865517,0.03746556178550263,0.006761353694830443
2024-01-08,-0.21620932313636074,0.025007163045966275,0.004538296546574776
2024-01-09,0.11623027815467044,0.018245758631003077,0.0035443387247980195
2024-01-10,0.2513697746419373,0.01953058540939566,0.003772583068780627
2024-01-11,0.1318773410384277,0.016992557220668877,0.003357414850162039
2024-01-12,0.009642736616117201,0.015428015656774832,0.003506576319464482
2024-01-15,-0.34320908876534645,0.02372900660728418,0.005377627274145476
2024-01-16,0.2756903979919822,0.022263911391364237,0.005585031372770555
2024-01-17,0.5068824814437365,0.04132177012990789,0.007909021933463172
2024-01-18,-0.00640020480873385,0.021792793113429312,0.0040320893586713435
2024-01-19,-0.06979131355829879,0.017055517817075847,0.003350014534284249
2024-01-22,-0.07752656736824555,0.015881493610368797,0.003580379824788874
2024-01-23,0.34872781809666176,0.023107186562351126,0.005283401408444771
2024-01-24,0.3793377303451954,0.028056184750393724,0.006031124000770727
2024-01-25,-0.003181724176599829,0.018301055455002834,0.005543359286861116
2024-01-26,0.5932287997747042,0.05423880375245648,0.011704044806232251
2024-01-29,-0.2558964084352622,0.03257944951861664,0.006949704070166887
2024-01-30,0.3823346602018515,0.03233238569641163,0.006386328754397856
2024-01-31,-0.27204015132229187,0.025938091573420422,0.004927385471891862
2024-02-01,-0.10141345865051749,0.018560146784528896,0.003741444847452772
2024-02-02,-0.27305938541255453,0.02123001386955578,0.0041302901548490225
2024-02-05,0.0076316260706640405,0.01652000065240234,0.0032808809258311456
2024-02-06,-0.09987815348679609,0.015996761198549734,0.003512999260693267
2024-02-07,0.13674889631230705,0.016104834565199927,0.004793936815582398
2024-02-08,-0.5481211938366071,0.04710976495104873,0.010359435142145889
2024-02-09,0.08496296755409576,0.023799618992950883,0.006149302470923138
2024-02-12,-0.3986134087154906,0.031589557740132286,0.009192026105504583
2024-02-13,-0.1186753406864486,0.02040655394163588,0.0122226888277507
2024-02-14,0.5249523914695733,0.042895702466907,0.03484135706169681
2024-02-15,-0.6945520862232175,0.12675841896418089,0.06530492756398888
2024-02-16,0.7615730088334143,0.28423549865924225,0.0646820497849937
2024-02-19,-0.2773136552019936,0.12768886299077448,0.02086143743745743
2024-02-20,0.034548570791899706,0.04598992562932644,0.006953178832772655
2024-02-21,0.17255156861581797,0.025357790455008876,0.004281537112083313
2024-02-22,-0.12139413048771865,0.01873225983259655,0.0038456464659962844
2024-02-23,-0.34582167029568295,0.025227366736478084,0.0049638874644752865
2024-02-26,-0.012192112369989,0.017585234915234962,0.0036963573013618096
2024-02-27,0.33563562365539823,0.023024536301043043,0.004559450002324139
2024-02-28,0.09267693167690154,0.017421455741067557,0.0037689591597124626
2024-02-29,0.3774901179872823,0.025533555680732446,0.004983959789315116
2024-03-01,-0.05220361117988615,0.017883032212137315,0.003636208028857098
2024-03-04,-0.07707764277173937,0.016095587036565086,0.004078960507011329
2024-03-05,0.4711042091273978,0.03312795797102472,0.00731256366241777
2024-03-06,-0.0920123805695776,0.020371094911580293,0.006048468586403094
2024-03-07,-0.5315183028435815,0.04722559794428547,0.011579932403290394
2024-03-08,-0.3004252954713118,0.033107807835281756,0.009126012682019957
2024-03-11,-0.54369540680019,0.0591779864491334,0.011653002101982916
2024-03-12,-0.117856830911225,0.02816500843555928,0.005229873090143258
2024-03-13,0.18027303362703945,0.020388172024860624,0.003969173090487261
2024-03-14,0.1799486346766333,0.018141118243137112,0.004028372063996736
2024-03-15,0.3589287278590953,0.024609315782757823,0.005557534171224893
2024-03-18,0.05948201603353655,0.017554868620411015,0.006109815111505684
2024-03-19,0.6608857438771518,0.0718761693888319,0.014754446558921516
2024-03-20,-0.15892695885087452,0.03326147166096633,0.006353894796909449
2024-03-21,-0.19742085698799608,0.022988294687692548,0.0047115222512233755
2024-03-22,0.232406465537846,0.02037321630611265,0.005028372821015289
2024-03-25,0.501805020841928,0.0394299754263019,0.00776800822458663
2024-03-26,-0.1177690017586619,0.022572748002376478,0.004517071643764654
2024-03-27,0.27837548028637066,0.021993028046847753,0.0044978444808072195
2024-03-28,0.3090997572196567,0.023237156311769383,0.004546743866134023
2024-03-29,0.0,0.017044534507575735,0.0038116451030512062
2024-04-01,-0.182821169912464,0.01769450428042125,0.005531476584619221
2024-04-02,0.6152150026509989,0.05892240151851741,0.011654430847382807
2024-04-03,0.05768003074469156,0.02670492730530706,0.004929526972557333
2024-04-04,-0.11915588879643957,0.019063826253604792,0.0037421865037786024
2024-04-05,-0.1978612790416891,0.01869700865512615,0.003901680960627667
2024-04-08,-0.14786619233159587,0.01738138218926298,0.004328772859910149
2024-04-09,0.23271182551480055,0.018651954429677518,0.007065139462452673
2024-04-10,-0.16158414766355653,0.01765895985039401,0.016820798324902908
2024-04-11,0.6641525212564126,0.07306704202933281,0.05801872640858961
2024-04-12,0.05498984449742887,0.030566005951174764,0.08132365126655958
2024-04-15,0.6476141944289098,0.08144787472879367,0.22764500455932646
2024-04-16,-0.22369983851665215,0.039736397570262774,0.36793088778620225
2024-04-17,1.4648035958918595,0.9837526168327884,0.9241344870417252
2024-04-18,-0.4066581453839627,0.7431798034554337,0.3325224673072074
2024-04-19,-0.16016759414952883,0.36933233908286706,0.0854244127568661
2024-04-22,-0.059821806521681134,0.13211371232707533,0.026484760969406444
2024-04-23,0.21998940067119427,0.05523691073829645,0.01699086631833457
2024-04-24,-0.6533658189008232,0.11932865308780463,0.026279036311555412
2024-04-25,0.49319822475129194,0.0983023273308552,0.01585020330278948
2024-04-26,-0.11103572789674038,0.03939738911369767,0.0060904965922818355
2024-04-29,0.006171887056426081,0.021264814582946948,0.003939134464963995
2024-04-30,0.2650314349898274,0.021008831201379124,0.004579322728297023
2024-05-01,0.16605680497151531,0.018015765601108912,0.005857906727669898
2024-05-02,-0.5088794558167319,0.041774543959250475,0.013229791041997329
2024-05-03,-0.5785578896217525,0.07552177681123523,0.015393468976568035
2024-05-06,-0.12432400432694603,0.033093798852401164,0.006400328250481435
2024-05-07,-0.2678211560062965,0.025978506182888023,0.005042792328155706
2024-05-08,0.2429377966244032,0.0216787716304813,0.004269976656657898
2024-05-09,0.006221420352267162,0.016636395273687772,0.004097059824117095
2024-05-10,-0.27410931690650464,0.020614950186650743,0.007163502735811059
2024-05-13,0.04989397633754353,0.01645946919073869,0.014626256928019249
2024-05-14,0.5161863509024458,0.03901348935729103,0.05295376308922228
2024-05-15,-0.11792820160724184,0.022459585638632984,0.11310263940336561
2024-05-16,-1.174426292244593,0.7650121746610967,0.389496313713195
2024-05-17,0.10551051568271406,0.37047031907734435,0.09362926069645615
2024-05-20,0.17059407739189486,0.14195696616067652,0.028686487583521023
2024-05-21,0.45640768214473976,0.10028247744919369,0.01561141173164439
2024-05-22,-0.16231742857101544,0.0422006073907647,0.006636075838785624
2024-05-23,0.22280811381197338,0.025984702056046843,0.004919248716058015
2024-05-24,0.33794101908253305,0.02634979847753411,0.005586582501363249
2024-05-27,-0.3547758365934561,0.028997088649310138,0.006123927619486623
2024-05-28,0.20554991820959595,0.021341984087213037,0.00545887020913571
2024-05-29,0.2858209973648116,0.021903449803730483,0.008674290958045082
2024-05-30,0.7116123569266416,0.0970419945798729,0.01942952666656713
2024-05-31,-0.0252593765646549,0.03719347213412054,0.006674720610976405
2024-06-03,0.09239013930579275,0.021210084714024725,0.004259004820982313
2024-06-04,-0.24656364583949714,0.021013453292727618,0.005048521185396711
2024-06-05,0.44952198605796917,0.033400365228746044,0.007135779830799792
2024-06-06,0.2393299905840484,0.023887255214066483,0.005754260028942155
2024-06-07,-0.45029089619718027,0.037198698424126764,0.007838934020567245
2024-06-10,0.17409001476342656,0.02284100363487663,0.0055008903397319705
2024-06-11,0.2578112041207696,0.021239461959317134,0.007770234677183217
2024-06-12,-0.040466802295848245,0.016674908406060784,0.017074147302101224
2024-06-13,-0.46349837226956236,0.03476393541417971,0.06344053567885212
2024-06-14,0.34444615184397126,0.03018879629341526,0.14763307852817767
2024-06-17,1.183563715992772,0.7698909942355847,0.4121823624597602
2024-06-18,-0.005463717627423874,0.3667648404656531,0.1445075046792259
2024-06-19,-0.6086816528350548,0.3824754830389858,0.09521972488155517
2024-06-20,0.011601931657130814,0.13553321549274608,0.03834530395260677
2024-06-21,0.675332914936444,0.2102838027229919,0.036162356124386785
2024-06-24,-0.29695202340892485,0.09875543622965546,0.014442080909511063
2024-06-25,-0.2978364554416523,0.0525977467264334,0.0074272730478143305
2024-06-26,0.042081840329945254,0.024872999552034057,0.004130893686840421
2024-06-27,0.20100509280241,0.019980834255748675,0.0041357904044409845
2024-06-28,-0.363319602452479,0.02695709717613198,0.005428806942348148
2024-07-01,-0.1919492373550351,0.02089699143719674,0.004256270101339822
2024-07-02,0.2871721644817343,0.021811863024834593,0.0042472204093414335
2024-07-03,0.00610109514848233,0.016670844915163577,0.0035859814420051398
2024-07-04,-0.3116314275366171,0.022414663650792747,0.004807271604567261
2024-07-05,-0.07040421491664865,0.01722619921168969,0.00469915172626542
2024-07-08,-0.5126878161626748,0.04183878292102887,0.008883786631119165
2024-07-09,0.19801984884806118,0.02494875303493138,0.005296140032214892
2024-07-10,-0.0012299200183217504,0.017489906176718376,0.00550401673403536
2024-07-11,-0.4865290582563077,0.03818162599818111,0.012454560466136081
2024-07-12,-0.5820089489307785,0.07344989970734686,0.015748421503035112
2024-07-15,0.024835465171742385,0.03046876038070635,0.007572244876816271
2024-07-16,0.5386509634084996,0.0521371422904933,0.009901481509619118
2024-07-17,-0.13593674856512677,0.026631360492848602,0.005016326177401957
2024-07-18,-0.21664457113265082,0.02161958438898734,0.004298136092727403
2024-07-19,0.2908147951892954,0.022223250829668854,0.004229230425526215
2024-07-22,0.12966566603257693,0.017691539167672944,0.003371517562090264
2024-07-23,0.08758470702532878,0.01596214506679978,0.003153091520977787
2024-07-24,0.011095453936611072,0.015163504203960867,0.0033904910116734576
2024-07-25,0.1478378980609037,0.016051300046822724,0.005040169723580663
2024-07-26,0.5634704860933651,0.04638456386889355,0.01147317802271457
2024-07-29,-0.3359810707612564,0.0356760396656307,0.00945760549019254
2024-07-30,0.11477900519823533,0.02112455672325897,0.011007196155131552
2024-07-31,0.16426384486248868,0.01801142758743824,0.029962329004493422
2024-08-01,-0.4511493526821673,0.034076943128040826,0.11291065639076228
2024-08-02,0.15982299935087133,0.02157900827571821,0.2784653619432065
2024-08-05,-1.6660342619050317,0.9983886934361895,0.999865874999093
2024-08-06,1.2166506376000323,0.9974253558940201,0.9954365323209499
2024-08-07,-0.3442505208945768,0.7244857220301251,0.7798558333377875
2024-08-08,-0.8037252271638867,0.854138925129919,0.7267902969875609
2024-08-09,-0.27498298684914796,0.5205473333997567,0.5480037189933566
2024-08-12,-0.38248157735939037,0.3081692037829059,0.5294358067646734
2024-08-13,0.19518324309041854,0.11884580645837953,0.6038369455856919
2024-08-14,-1.2625505622118236,0.9508435868128087,0.9929340503133607
2024-08-15,-0.8256737536520352,0.9448209965096127,0.9910482507470212
2024-08-16,0.8637641553314572,0.9492745487547923,0.9849236208325645
2024-08-19,-0.4580452056950378,0.7386923191433584,0.9632988084320335
2024-08-20,-1.0254528107981356,0.9661475755813465,0.9813018284440882
2024-08-21,-0.5231725157682242,0.7981349469334056,0.9306784091271278
2024-08-22,0.2716162828777683,0.4538849772429199,0.9192855208711861
2024-08-23,1.5667120621540127,0.9994318393834001,0.9999515692435709
2024-08-26,-2.2588447748347695,0.9999999974154259,0.9999999897028641
2024-08-27,0.5538274106028928,0.8353221516340891,0.4558139045968889
2024-08-28,0.029098246316111163,0.42652032390926736,0.1042030611342638
2024-08-29,-0.17536175611540186,0.17216190270110515,0.0290332717534827
2024-08-30,0.031081986974153968,0.059469346290004145,0.010950676765410332
2024-09-02,0.5179263353170831,0.06715956097063538,0.010641939561830628
2024-09-03,-0.03156949552333533,0.02889515237936955,0.005118798158134751
2024-09-04,0.08244473625782073,0.01887395775622342,0.005222473031806895
2024-09-05,-0.5713876842058656,0.05409783614053952,0.011045832408221724
2024-09-06,-0.177570670662648,0.02860425856179146,0.005393514603032499
2024-09-09,-0.07786646295710224,0.01895740762091648,0.003927152729746182
2024-09-10,0.3356891280381195,0.02354543270290802,0.004745067334618753
2024-09-11,0.2081071236609351,0.019788229455918745,0.004209726960517315
2024-09-12,-0.3362869365917498,0.025037360810080372,0.004954349623702996
2024-09-13,-0.11861540472106068,0.01859455454425835,0.003672008656687572
2024-09-16,-0.16682105245561887,0.01776097061745528,0.003584321773036936
2024-09-17,-0.05198518539323222,0.015844909480065863,0.003679111920593245
2024-09-18,-0.2603320702305615,0.019782028604933992,0.005715210438130836
2024-09-19,-0.292377509796548,0.022563496397975835,0.009990725128703052
2024-09-20,-0.6728418028103564,0.08928071659291013,0.022281098483372144
2024-09-23,-0.2872971436448869,0.04780520481175496,0.012361020791609837
2024-09-24,0.13254778622213964,0.024830691856177735,0.012236955512763895
2024-09-25,-0.34989077766216087,0.028000840106298247,0.030115415398429178
2024-09-26,0.530301359900913,0.048873284628865865,0.07845459780038871
2024-09-27,-0.8688094555386581,0.3043236995753281,0.15385037109661057
2024-09-30,0.3180074231580842,0.14288691185402502,0.11631986670753242
2024-10-01,0.3473231706357974,0.0752515121864095,0.1394333634860897
2024-10-02,0.5914999389739878,0.10189537659839523,0.25050780083972973
2024-10-03,0.4145908872319708,0.06875496504121281,0.3941046533231151
2024-10-04,0.8641748331778991,0.316241627708123,0.776045298809036
2024-10-07,1.240894181598073,0.9727682750138555,0.8877048288085034
2024-10-08,0.598842332373537,0.8388939584820492,0.48767973229661726
2024-10-09,-0.3920250967324259,0.5794405895923611,0.17544860638640672
2024-10-10,-0.11357248325767884,0.24320865696887156,0.05001875618621568
2024-10-11,0.04021497237903663,0.08289770161693155,0.02378982748403005
2024-10-14,-0.6973469039048545,0.18163109564708269,0.030086131032194225
2024-10-15,0.07066003184632726,0.06316879430940037,0.009082466190851029
2024-10-16,0.035950702407101125,0.027701505264089522,0.004822978572027719
2024-10-17,0.03402025704694148,0.0182380553726058,0.005488696153122813
2024-10-18,-0.585004609358728,0.056682627889181,0.012988687151338682
2024-10-21,-0.16795869581520034,0.029019874245218798,0.008222969367127051
2024-10-22,0.5737694237498034,0.05857109367401993,0.012248542613263972
2024-10-23,0.1926659127868296,0.029810173829351375,0.00718286199281863
2024-10-24,0.49281676751558423,0.04379910361936277,0.009355983781787822
2024-10-25,-0.26530725658068616,0.029541940154214855,0.007185980710327665
2024-10-28,0.4254267742392145,0.035093377441987775,0.00898411677903634
2024-10-29,0.3747432665162275,0.032741434962928584,0.010420618441705791
2024-10-30,0.13326989121465976,0.020641435572133007,0.016010262018781692
2024-10-31,-0.460852278454625,0.036697330000681434,0.04997182995648468
2024-11-01,0.11143481421218208,0.021349768577421078,0.1107573698949594
2024-11-04,0.8176245834093111,0.16247367111360292,0.3968380710484085
2024-11-05,-0.32878127745371666,0.08398508591506626,0.49707199633903965
2024-11-06,-0.7947903863395682,0.27996474305848507,0.8404379412772451
2024-11-07,0.9732263783957948,0.7737254123788588,0.9785830271576719
2024-11-08,-1.6586212403530647,0.9999490368463686,0.9998535369529723
2024-11-11,0.5717023938853723,0.8452135161315856,0.6943621244026329
2024-11-12,0.7500293273588129,0.8575788368433617,0.4902759788599646
2024-11-13,0.15148932398135456,0.4672955463609923,0.14060688842045405
2024-11-14,0.3685654654228878,0.2539855476803944,0.06284432008273767
2024-11-15,0.5418405627704005,0.21448081626593657,0.039578213876971774
2024-11-18,-0.26394691464659054,0.09430451568647627,0.020910155023267124
2024-11-19,-0.5375860611719596,0.10343439395081386,0.02212756643072265
2024-11-20,0.06956918158447456,0.03935781524887018,0.018069081662182993
2024-11-21,0.6044776651616975,0.07553572482089133,0.04006377629731276
2024-11-22,-0.6057371881433168,0.1166459596533054,0.05559360630112599
2024-11-25,0.7752660015455214,0.2858038948995046,0.06032731071114446
2024-11-26,-0.24370830027372545,0.12099963871479438,0.019689478487848387
2024-11-27,0.18095335626253797,0.048784223305552356,0.008501615867720597
2024-11-28,-0.4183251103330261,0.046062638988114565,0.007884895702509082
2024-11-29,0.0913630484294764,0.02360172256899162,0.004817201368842824
2024-12-02,-0.30908025993203897,0.02485678869674515,0.006219907147605387
2024-12-03,0.510414164609419,0.04347768339790172,0.00859648958037755
2024-12-04,0.1883831012373544,0.025115285070149297,0.004984156957542964
2024-12-05,-0.2097580481499295,0.020909839637352573,0.004801499378171908
2024-12-06,-0.42083451671183786,0.032348410716101735,0.0064452492949276605
2024-12-09,-0.08842403797747006,0.02010636886200372,0.0040799864454776425
2024-12-10,0.24108838838183638,0.019766550209873945,0.004292439571909002
2024-12-11,0.27697361279493665,0.02099475158827009,0.005199961001234894
2024-12-12,0.34514169368976827,0.024877539012886626,0.007568638348357765
2024-12-13,0.027562389440948572,0.017484922054868103,0.0125419672924078
2024-12-16,0.36507431934217516,0.024735732569350664,0.041983859141117706
2024-12-17,-0.44276516399661847,0.03674402311139735,0.12403585852254792
2024-12-18,-0.18066956290835814,0.023476627423861234,0.29490574350715876
2024-12-19,1.3663409443517411,0.9448237077907697,0.9962430575888745
2024-12-20,-1.0209697047084252,0.9848250171440853,0.9988376644129046
2024-12-23,1.1076446738815615,0.9928602719019397,0.9981782810226262
2024-12-24,0.3601324941715081,0.7170464914295256,0.975233717893599
2024-12-25,-1.5335005509063122,0.9997195801262228,0.9999805570087363
2024-12-26,-5.8095819101889035,0.9999999999999992,0.9999999999999968
2024-12-27,7.166577569223397,1.0,0.9999999999999967
2024-12-30,-0.06797046636079557,0.6311571834511844,0.5542016723251096
2024-12-31,-0.5727857050603126,0.561326333392058,0.4753033459656526
2025-01-02,0.8967750654069752,0.8450354799020316,0.42248707947561664
2025-01-03,-0.1813071142523237,0.46956223321416485,0.10550266997257274
2025-01-06,-0.13773858854792712,0.18674398853624397,0.026831308497199162
2025-01-07,0.0018530540791391072,0.06398000480333976,0.008235145729124402
2025-01-08,-0.1323533393261078,0.02996614452283937,0.004521316397592686
2025-01-09,0.18487645969721125,0.021032183615585072,0.003892578289626202
2025-01-10,0.30470956892498363,0.022676652861652834,0.00431176629217089
2025-01-13,0.1907399440000838,0.01906168823837467,0.003665735505468076
2025-01-14,0.1670609858707128,0.017487271435596988,0.0034471467945711783
2025-01-15,0.1520751632275911,0.016764162543169158,0.003530017704625298
2025-01-16,0.249686826075392,0.019003218883988836,0.004351289806151834
2025-01-17,0.04888541414987378,0.016036652701080283,0.005803588572758794
2025-01-20,-0.010387344441181393,0.015204688946612036,0.015077518686835809
2025-01-21,-0.7488029372738205,0.11568754942550243,0.05871197753249428
2025-01-22,0.5267714291308307,0.10753071784557258,0.05656788904051363
2025-01-23,-0.6019008773060666,0.14455759244667624,0.06272865552619014
2025-01-24,-0.011701771845105157,0.05099240400336917,0.059228145449720146
2025-01-27,-0.4074607802350225,0.045659820705666085,0.12298590883054147
2025-01-28,-0.05755345063803699,0.023303794787571337,0.2778470165304994
2025-01-29,-1.7130682599186888,0.9991371369173663,0.9999523251192317
2025-01-30,2.221814242731201,0.9999999933677096,0.9999999605836473
2025-01-31,0.22452912162430716,0.6654702960430872,0.2790705544073432
2025-02-03,0.4096168022127336,0.4231307047669677,0.09731668839530175
2025-02-04,-0.1304284142664093,0.16291436083768193,0.02501641976970143
2025-02-05,-0.1281481937607184,0.06040718504737478,0.008190175187224948
2025-02-06,-0.006135496449270308,0.026905948387449093,0.0041427292329199745
2025-02-07,0.17716665101663182,0.019947147650931335,0.0035611000670490124
2025-02-10,-0.0753625282754564,0.016623909364011646,0.003398242094009735
2025-02-11,0.0943452880513333,0.015745343832361824,0.004226875464788336
2025-02-12,0.08080087329385156,0.015393376753704991,0.008397871685944507
2025-02-13,0.19377660465910324,0.017018066834628164,0.02766107033283268
2025-02-14,-0.9572387015763122,0.3414733674599717,0.10576053909052299
2025-02-17,-0.28402093679110846,0.15695855776810105,0.0385500881024063
2025-02-18,0.2901863549625398,0.0720755029190521,0.01998919785869005
2025-02-19,0.5962460421666506,0.10109261228840892,0.020645157803876886
2025-02-20,0.1800204400846624,0.042386367498261725,0.0120930385111656
2025-02-21,-0.6216412713147557,0.09107159071575328,0.018231660718918297
2025-02-24,0.2023202108217295,0.040409969337720515,0.00882933247915148
2025-02-25,0.00798472045279995,0.021531615513927297,0.009437569802607251
2025-02-26,0.2129284769010965,0.01932461380877839,0.02523804259802482
2025-02-27,0.3267940633544475,0.02319373262010938,0.08914917512815215
2025-02-28,1.1318019084013096,0.6591235904751701,0.29276172570409087
2025-03-03,-0.19167684556326475,0.31457631921758167,0.10341885465683587
2025-03-04,-0.429445075020314,0.2000818794381983,0.06114318499347051
2025-03-05,-0.43983488898678474,0.13493517384789624,0.045933004201245964
2025-03-06,-0.6744692640855517,0.2252629939619223,0.04581833686855955
2025-03-07,0.3264659936779097,0.10772333125680357,0.02079730656753671
2025-03-10,-0.1809000772749516,0.04564022986015486,0.015503148037710059
2025-03-11,0.1925424520142653,0.02590095591452142,0.028235090828122145
2025-03-12,0.6709880770543672,0.084970780586763,0.08970800778078267
2025-03-13,-0.7837715178304514,0.26853975069109626,0.1306868563691983
2025-03-14,-0.28435423856905645,0.12213609726195782,0.10500717937770909
2025-03-17,0.37875814184509,0.07161895575693278,0.13715969358225938
2025-03-18,0.29977692144847895,0.04059049995737805,0.25482556877368845
2025-03-19,0.8788391494282294,0.27187933642244966,0.6731483257389382
2025-03-20,-1.1216516927685967,0.9247500347631262,0.7788483443711759
2025-03-21,0.5995365522758161,0.8020890718401205,0.4704435809463669
2025-03-24,0.5493602100605619,0.6601209210309894,0.22962664453680157
2025-03-25,0.34326139261752625,0.37518020659080037,0.07399698161352111
2025-03-26,0.2723108589794078,0.16511500826975906,0.023083766773575987
2025-03-27,0.04812030168042096,0.05748450329000245,0.008746478169374428
2025-03-28,-0.41036402121822974,0.049280505781803735,0.008137374011616192
2025-03-31,0.0851017178331124,0.0243925856716418,0.005732974889925019
2025-04-01,0.4634793260802827,0.03676072890626237,0.009771223679255852
2025-04-02,0.47568875200485916,0.045232488273969,0.011867461250624274
2025-04-03,0.04541092677054783,0.02291761735162419,0.012483490594837308
2025-04-04,0.004783810838295801,0.01695753154092633,0.033620319287406386
2025-04-07,-0.010758061818359633,0.01544239983564226,0.13591824807534117
2025-04-08,0.7007248566714114,0.0836312925940149,0.6115691748154556
2025-04-09,1.1572825201644352,0.8266661733181156,0.9853238538849383
2025-04-10,-1.4555443594897501,0.9995489054043142,0.9972274101797459
2025-04-11,0.16826026266728242,0.6470621167406612,0.24626330412133055
2025-04-14,-0.2724470939471664,0.33788527867414603,0.07024472429364423
2025-04-15,-0.047664443228434376,0.11868540845279074,0.01805490545581409
2025-04-16,0.1994434108062664,0.04919516888652396,0.006986826016974485
2025-04-17,-0.11247522375380567,0.025198977229171374,0.004083128046860413
2025-04-22,0.12080384247811012,0.01836478856273308,0.0035341342986682537
2025-04-23,0.25658089537446854,0.019752260709333926,0.00412481615905534
2025-04-24,-0.07179903949384395,0.016536228636257744,0.004678912883968761
2025-04-25,-0.4014934983318995,0.02843312443088506,0.009596882383984658
2025-04-28,0.26486928271703464,0.023353447581894844,0.01504702596717622
2025-04-29,-0.1665774672767299,0.019129906358670477,0.03947516347262352
2025-04-30,-0.4960159178101433,0.04055500246956221,0.14331967342425317
2025-05-01,-0.9982703284658874,0.49687539828025984,0.3189374822165377
2025-05-02,0.3625715238343203,0.2698948125717029,0.23476514123426262
2025-05-05,-0.8830880590915127,0.6665990801965684,0.23719035508708963
2025-05-06,-0.23417433872380874,0.33556688784612837,0.06618178654884821
2025-05-07,0.06392013245167603,0.11764648462123757,0.01983450863800095
2025-05-08,0.36811185875736496,0.06770449880699876,0.01223971156009059
2025-05-09,0.2767178641620079,0.03738142923621244,0.011051648215475256
2025-05-12,0.02841012094827223,0.020759508260896817,0.01982317541322538
2025-05-13,0.8774830935892072,0.21861430118028402,0.0695336820824088
2025-05-14,-0.537130889734091,0.19727988636825713,0.04083207864343651
2025-05-15,-0.24851734483527874,0.08478908341161873,0.01466791796337735
2025-05-16,-0.28060760777349214,0.04546056974516462,0.007560674140311445
2025-05-19,-0.1503132558300824,0.025108157633649594,0.004992892308004172
2025-05-20,-0.358499548472938,0.028762822466322814,0.005999218926626982
2025-05-21,-0.15229511639634513,0.020338242115560956,0.005482370490298842
2025-05-22,-0.33831712474154024,0.025385433909488025,0.0095527289541755
2025-05-23,0.05687768656140659,0.017741527226160084,0.018092796666079155
2025-05-26,-0.8959826389111293,0.25466007550977865,0.06432522860149494
2025-05-27,0.2002804594970587,0.0979929189159573,0.018405771060791134
2025-05-28,0.21831048719661347,0.04362521075491298,0.007137433145997251
2025-05-29,0.042990941856682036,0.02247491822473743,0.003849227475208458
2025-05-30,0.04297246758782735,0.016911090877720643,0.003225530634123129
2025-06-02,0.1778323326233211,0.017101359454490397,0.003487712841723653
2025-06-03,-0.20545537041232945,0.018321750322871255,0.003981671190280781
2025-06-04,0.26915515269137247,0.020205279639570816,0.004754393227909676
2025-06-05,-0.25073894637782035,0.02084902582858272,0.006390956387620928
2025-06-06,-0.2772129591337314,0.022208322064001543,0.011722319861749573
2025-06-09,0.3845732860054604,0.028072327374727965,0.02891511040207643
2025-06-10,-0.1853466888784271,0.021030222274057514,0.07376105977822335
2025-06-11,-0.19061328118171544,0.01908138366276655,0.25929961400370655
2025-06-12,-2.93409383012815,0.9999999999994963,0.9999999999999716
2025-06-13,2.4200915002307624,0.9999999997866867,0.9999999999758504
2025-06-16,0.7279549317049017,0.9203391463048245,0.9944648928546346
2025-06-17,-3.002379982289249,0.999999999999998,0.9999999999999973
2025-06-18,2.955695892527097,0.9999999999999957,0.9999999999999973
2025-06-19,-4.245543230837287,1.0000000000000002,0.9999999999999976
2025-06-20,4.94966369694782,1.0,0.9999999999999973
2025-06-23,0.24984017139557113,0.6750055842895417,0.307054691534753
2025-06-24,-0.37194030866504163,0.41761911395907503,0.1257211154663708
2025-06-25,-0.48989687690897216,0.31101817331206605,0.05913753698418875
2025-06-26,0.0,0.10708932496971578,0.01745869230484376
2025-06-27,-0.41337744771137824,0.07507526861337752,0.01059179054496781
2025-06-30,0.03821171969047823,0.030982998687736695,0.0045679087552467764
2025-07-01,0.006161619275493109,0.019054542665067405,0.003290221069470747
2025-07-02,0.03942778152741652,0.01601126157304102,0.003137796712099323
2025-07-03,-0.008625378696467907,0.015194405431655643,0.0036418603241584425
2025-07-04,-0.1929782279349813,0.01740635016780612,0.006253591570122818
2025-07-07,-0.15873286796986172,0.01724113610260597,0.014752864367297695
2025-07-08,0.8671674644769983,0.1981052349172617,0.05035198269155813
2025-07-09,-0.35543663969455075,0.10665326014033559,0.01994631161525636
2025-07-10,-0.16001972887761068,0.04409123128141029,0.007386770822159671
2025-07-11,-0.15966167308639928,0.024988595818847367,0.004313707922595112
2025-07-14,0.07955568242077225,0.017811217227936313,0.0033566639979063836
2025-07-15,0.21060408364883004,0.018147927337770133,0.0034632575138013886
2025-07-16,-0.02522793245961372,0.01579525886324974,0.0031387838063609546
2025-07-17,0.11745787326743033,0.015783975516626286,0.003432513356372418
2025-07-18,0.3588861785330446,0.02366688394914711,0.004672562332876714
2025-07-21,-0.05329255094909605,0.017400891564515228,0.00360623399883631
2025-07-22,0.052066585148915503,0.015636950780320177,0.004239855288345765
2025-07-23,-0.5169663871526231,0.041426871921532535,0.008531156876083775
2025-07-24,0.1279539355437705,0.02294875118268007,0.004577193967711748
2025-07-25,0.2511299975180663,0.02102063683237418,0.004293377964678473
2025-07-28,0.28169032711133735,0.021614105249489084,0.004438034428070345
2025-07-29,0.27968423117632485,0.021727545242281567,0.004443009006039931
2025-07-30,-0.18860854880157513,0.01923309848078419,0.004376069879796725
2025-07-31,0.3592071392803567,0.025063192114144883,0.005801228490632791
2025-08-01,0.34153517824143614,0.026223691135188448,0.006580174341369895
2025-08-04,0.0,0.01781944932042641,0.00852807337029446
2025-08-05,-0.7367973657712434,0.11334983795385005,0.024656954721724907
2025-08-06,0.09468685323878641,0.04279983673928833,0.008385364049536196
2025-08-07,-0.2616750255511518,0.02898563379243494,0.005749082229977158
2025-08-08,-0.21265835556661547,0.022210418599958495,0.005119780137953523
2025-08-11,-0.31337393920774337,0.024584441960554287,0.006829709343371876
2025-08-12,0.3011032477388849,0.023749665109662237,0.010250329999408196
2025-08-13,-0.3060255467852915,0.02473640136227128,0.02272142889433165
2025-08-14,-0.8604023414346622,0.23163460412621073,0.06160605491265163
2025-08-15,0.3717706741849013,0.122489361760083,0.02309400313428078
2025-08-18,0.16684694122372035,0.048458646354963046,0.008187407627229486
2025-08-19,0.058024596316327205,0.023873710716602402,0.005032640897258049
2025-08-20,0.4297944673151451,0.032798020137852664,0.0070561194788811375
2025-08-21,-0.071303099675602,0.020002385185575386,0.006598324871090074
2025-08-22,0.46682835539670076,0.034779667717393006,0.014554939815675821
2025-08-25,-0.6921219806040692,0.1144185591999922,0.02454550757662495
2025-08-26,0.2461994226916803,0.051309277336367864,0.00918844568889578
2025-08-27,0.19775230522985177,0.02780057029198138,0.004836743714487786
2025-08-28,0.0907596041773875,0.01867100891354652,0.003579390831812957
2025-08-29,0.18555658783549933,0.017776001934223608,0.0038782109365705685
2025-09-01,0.39507640362696417,0.026952849037746095,0.005207556136300794
2025-09-02,-0.023165467130006702,0.018073907547398634,0.0035585989888962596
2025-09-03,0.23563014049980033,0.01895630834769185,0.0036768886835307477
2025-09-04,0.11608271391735504,0.01661373336147097,0.0033165014351682286
2025-09-05,-0.06623337709956552,0.015658376469921832,0.0035916212058387455
2025-09-08,-0.3659693958290495,0.02530781720513029,0.005479851639796798
2025-09-09,0.3294932347685051,0.025575133727138447,0.004867491727350445
2025-09-10,0.02310786276090197,0.01765703628249537,0.0033559482305354693
2025-09-11,-0.06628613845192842,0.015932655863602437,0.0031531632778118847
2025-09-12,-0.15463248563766702,0.016737482893618667,0.0033668957704786084
2025-09-15,-0.07679270900248292,0.015790089115272507,0.0034588618593052144
2025-09-16,-0.22218672042481377,0.01842285582691746,0.004700320448906058
2025-09-17,0.2045009261981315,0.018167988610299113,0.00736971559774315
2025-09-18,0.12493640832008245,0.016521357268779353,0.018648993303829436
2025-09-19,0.9124676638782303,0.2475345250685679,0.07012240904660987
2025-09-22,0.40896393169175244,0.14303233975419083,0.03023425496771938
2025-09-23,-0.3311360983578854,0.07582111365782623,0.013929498191583572
2025-09-24,0.30709041143709787,0.04279551671444428,0.008149725597033745
2025-09-25,0.3726565989007728,0.03580314149997229,0.0073314233344722495
2025-09-26,0.3826131222430909,0.033742871737627037,0.007184748925707951
2025-09-29,-0.2156353620850625,0.02381074145522641,0.007054577685018866
2025-09-30,-0.5696996008594781,0.0578516862516677,0.012682700492250702
2025-10-01,0.33022154831455236,0.038023889909722705,0.007372793982859017
2025-10-02,-0.23344610690557233,0.025936863804120407,0.005114988958687795
2025-10-03,-0.2562723078549703,0.022985826702872542,0.004656957286536156
2025-10-06,-0.2623684009316981,0.02226491721929382,0.004432979440480197
2025-10-07,0.23224610418005098,0.020144067514203057,0.0038538159603917314
2025-10-08,-0.057257373450908186,0.016508320351318585,0.0032707779953684516
2025-10-09,-0.18706821374196467,0.017643849993716605,0.0034884996679058126
2025-10-10,0.1309797720378419,0.016466407745189034,0.003274816979263819
2025-10-13,0.12238345693919278,0.016027803158974254,0.00342304646511831
2025-10-14,-0.30169575770911294,0.02167084573917325,0.004427744700378248
2025-10-15,0.22877117820651852,0.019848232725518354,0.003814852784817344
2025-10-16,-0.06574243093039986,0.01650385090447269,0.003194559457988433
2025-10-17,-0.07906358110121851,0.015751463622110433,0.0031121989642044425
2025-10-20,0.02475019151582515,0.015122222382766268,0.003227498691235193
2025-10-21,-0.1449800906357688,0.0163223256964775,0.004286835162969446
2025-10-22,0.34338503701014955,0.022974345299939615,0.00771922460280424
2025-10-23,-0.01386200692072096,0.017004992396149478,0.014333813245069955
2025-10-24,-0.016865286942575036,0.015470856510408557,0.05033869299096222
2025-10-27,0.024102482743012035,0.01504909385033916,0.21838789671836722
2025-10-28,-2.684253069065849,0.9999999998948617,0.9999999999946368
2025-10-29,2.466991581077467,0.9999999999092549,0.9999999999668008
2025-10-30,0.0013325962778969814,0.6259675463617934,0.9637317323386149
2025-10-31,-2.51908649428428,0.9999999998861523,0.9999999999923355
2025-11-03,2.928824353617075,0.9999999999999913,0.9999999999999459
2025-11-04,0.06552507378539559,0.6286541050507101,0.2485860289000457
2025-11-05,0.3964249332951008,0.38445964881758865,0.08709924557973385
2025-11-06,-0.22770863146903325,0.1631296244602517,0.025530148364943224
2025-11-07,0.1504633226778473,0.06067228206360476,0.008727998235563302
2025-11-10,-0.24649598115955426,0.03419315667704283,0.005375789893466274
2025-11-11,0.22193572976098838,0.023469304342608792,0.004010974815507968
2025-11-12,0.029356928448830123,0.017123744321779842,0.003245399330971626
2025-11-13,0.204043339091162,0.017772882293862605,0.0034531992534172443
2025-11-14,-0.0597943093634691,0.015907775007376706,0.0033335070068625373
2025-11-17,-0.23653767933827977,0.018930393889980156,0.004166248110967254
2025-11-18,0.355495490434648,0.024708175217715088,0.0048862789757531284
2025-11-19,-0.06693941077970152,0.01779864644866393,0.003752670136675623
2025-11-20,-0.2454033141000888,0.019856144419904683,0.0045770802144172885
2025-11-21,0.2651337957851439,0.02055272046636125,0.005846907081860786
2025-11-24,-0.5513948642156175,0.051196701114855005,0.010219404079530826
2025-11-25,0.03605335936180441,0.024464196512229152,0.004511394530846263
2025-11-26,-0.06911369477450932,0.017756026657851004,0.003367364324001501
2025-11-27,-0.11309354308290509,0.016513949396544332,0.0032041909429191386
2025-11-28,-0.06501675948047395,0.015621676835043972,0.0031161470668442013
2025-12-01,0.18712784168305596,0.016933710090436725,0.0033546861086599707
2025-12-02,-0.15641923535782604,0.01705792677999962,0.0033384761456205937
2025-12-03,0.005420953822272295,0.015445771551763746,0.003100528297153026
2025-12-04,-0.09577424129909325,0.015657867431668932,0.0034460088126021435
2025-12-05,0.3633284991735711,0.023887821145418316,0.0047226887974434
2025-12-08,0.1715767639707415,0.018951424147878346,0.0036034420819353397
2025-12-09,0.017980760634606744,0.015936227260823506,0.003119392019852495
2025-12-10,-0.14393669271653292,0.016530469374092527,0.003274000041309474
2025-12-11,-0.13813401193472713,0.01658959361535129,0.0032488817727092884
2025-12-12,0.06008171293450435,0.0154695682747698,0.0030695994625764187
2025-12-15,-0.15568837651193435,0.01662773659718754,0.0032826890901307406
2025-12-16,0.13647084894139946,0.016272420194437493,0.003148249982702761
2025-12-17,-0.007216325796190549,0.015258769384737678,0.0029810527948225495
2025-12-18,0.07447324659228612,0.015217788927164109,0.003045927309113357
2025-12-19,0.16915036280953447,0.016446366759599575,0.0033632014011019933
2025-12-22,-0.04015872937895225,0.015427400209532472,0.0037479687918244783
2025-12-23,0.46598333284014576,0.03220779298551088,0.006371300572654079
2025-12-24,-0.1277963494388101,0.020761662551444123,0.003938296936082332
2025-12-26,0.10809577938748378,0.016996049584602206,0.00327681060883546
2025-12-29,-0.07165420158315079,0.015808144678756072,0.003232757771693768
2025-12-30,0.17248253937842264,0.016678345533904095,0.0037771140554268634
2025-12-31,-0.3644079423111088,0.025632863839557853,0.005371946157473074
2026-01-02,-0.24567828517993748,0.022426573262412486,0.004383358316454626
2026-01-05,0.08995233133296134,0.017234523711041057,0.003462312241634272
2026-01-06,0.26458533961725494,0.019677949368982636,0.003798471879357243
2026-01-07,0.08844419681556288,0.016493290100981484,0.003214710679356921
2026-01-08,0.06568144735307536,0.015478658424125876,0.003249603273008532
2026-01-09,0.3140721380516486,0.02115064409347665,0.004149721151144138
2026-01-12,0.12487960243533257,0.017327486718634526,0.003400988738380536
2026-01-13,0.19415238051599715,0.017588704176967937,0.0034152518427631156
2026-01-14,-0.11038279070605707,0.016428688930229914,0.003196504529172818
2026-01-15,0.02552301169620317,0.015297587138194853,0.0030670560892956094
2026-01-16,0.20045541791186006,0.017147668678640916,0.003424181423383141
2026-01-19,-0.013632037763112111,0.015498468763997927,0.003454709500735715
2026-01-20,0.3690631671430694,0.024182403059281002,0.005017134969108782
2026-01-21,0.12448479365456823,0.01814452136183371,0.004404205276371335
2026-01-22,-0.37274121622778,0.02686568198965722,0.006985717055614722
2026-01-23,-0.45674368337107457,0.03967831284573367,0.00866723017470443
2026-01-26,-0.29770787096845036,0.030109665130290744,0.006155728452315705
2026-01-27,-0.2148997961710617,0.02264331087203637,0.004974695816562112
2026-01-28,-0.3550024090475515,0.027468704596536074,0.005793102317265908
2026-01-29,0.2880550685560941,0.024102397338134955,0.00497639220362536
2026-01-30,0.3313326916747825,0.02523228239184886,0.004799282531970444
2026-02-02,-0.11867829730027478,0.018649330495622132,0.0035273861806684285
2026-02-03,0.0,0.01585951465952356,0.003107446459615509
2026-02-04,0.0035778990499058323,0.015138994227365121,0.003284985485513023
2026-02-05,0.2443459006476875,0.01831773457671248,0.004572721751003009
2026-02-06,0.4744701711862009,0.03473899701436058,0.007157000823280131
2026-02-09,-0.21587624225092597,0.024133662559415507,0.00490306494026993
2026-02-10,-0.2824062876619129,0.02360829470014484,0.004549644251704354
2026-02-11,-0.1072258397843952,0.01801578420469513,0.0034398315104510824
2026-02-12,0.09472440719116161,0.01611647520099356,0.003104279872901444
2026-02-13,0.08987087552427689,0.01556912297521609,0.003039287026055569
2026-02-16,0.10167718274513994,0.015541544089873915,0.003102952733934633
2026-02-17,-0.11595859171581296,0.015954924646129187,0.003374908501083716
2026-02-18,0.19853656526301736,0.017293694680677443,0.0041344579861485875
2026-02-19,0.44615751847221774,0.031152561355473972,0.0063002000570926905
2026-02-20,-0.16626917520302176,0.021390176204620318,0.004369265021352146
2026-02-23,-0.2596980382695996,0.02161182965606419,0.004413827567438982
2026-02-24,-0.23240593331578682,0.02060544616747517,0.004142032758840068
2026-02-25,0.07435806677965535,0.016613696930765948,0.0037987586015352775
2026-02-26,-0.3992068655186433,0.028276137647873862,0.005699250727919675
2026-02-27,-0.004780954729582563,0.018361290256227212,0.0038619607643945965
2026-03-02,0.2742668067923067,0.02041800151269624,0.004599088142539037
2026-03-03,0.40406496237915857,0.028838778924628408,0.0057449118377498375
2026-03-04,0.20792937686923696,0.021367950942446583,0.00419894022080804
2026-03-05,-0.19606979431263477,0.019338737648326748,0.003946211124340657
2026-03-06,0.28479779764097163,0.02117907461985252,0.004093549018587782
2026-03-09,0.06265137417729356,0.016679070449777195,0.0033643293379751723
2026-03-10,-0.2230083984488035,0.01872626568951899,0.0038119936048381965
2026-03-11,-0.20155321305381108,0.018701278012910102,0.0037467591610684014
2026-03-12,0.18970838034821422,0.017881697525401995,0.003526967718480845
2026-03-13,0.14204547842911228,0.016702877827373806,0.003421145058153669
2026-03-16,0.2604814210153772,0.019356989911248693,0.003913923147144916
2026-03-17,0.0058988003216720606,0.016037297497709067,0.0038305339119939384
2026-03-18,0.10730432026420716,0.015727272657715324,0.006307673037419562
2026-03-19,0.413950771917503,0.027509821084202492,0.017634273043390103
2026-03-20,-0.7409204717800206,0.13208691723324845,0.04027504769943645
2026-03-23,0.25623708713118937,0.058555497672380795,0.02557201867133265
2026-03-24,-0.5570027219276752,0.08264996255856873,0.03555637699104585
2026-03-25,-0.40281690559415734,0.0605665917630811,0.0408775408081937
2026-03-26,-0.2843851650562427,0.036826045274698,0.06606812352096571
2026-03-27,1.0417464730876944,0.5315695481537697,0.1643637999391896
2026-03-30,0.19478800834725407,0.22804285752351258,0.04203445092539792
2026-03-31,0.10255613613610493,0.07982396127123148,0.012126340180885977
2026-04-01,-0.23000852974658978,0.0396142539618191,0.005990950952501293
2026-04-02,-0.07265564177206767,0.02185513754314497,0.003778330856524799
2026-04-03,0.20600478332776762,0.019225274051921648,0.0035970777783637165
2026-04-06,0.17085460897612173,0.017611561330075846,0.003386834629816176
2026-04-07,0.1605772762585696,0.01695361680521155,0.0032711570150375266
2026-04-08,0.07108489907079431,0.015634892731843535,0.003117565820340086
2026-04-09,-0.12870130606924313,0.016179302047114603,0.003431691092552017
2026-04-10,0.3141102554756556,0.02140375870046938,0.004201211616678734
2026-04-13,0.1405893266538038,0.017645566069580378,0.003412998957078278
2026-04-14,-0.02225138517192389,0.015654021966839488,0.003231000544487817
2026-04-15,0.29116304026466544,0.02019441089290711,0.00393238564285881
2026-04-16,0.09977862056447154,0.01674732624206763,0.003261865290066769
2026-04-17,-0.13481307146584698,0.016590551934803043,0.0032451900748273347
2026-04-20,0.05838393440013773,0.015460194998994814,0.0031138901707889457
2026-04-21,-0.0537074026840286,0.01525779877078905,0.0035055392310099883
2026-04-22,0.05428878998013226,0.015093786635601725,0.005394106841086897
2026-04-23,0.3868071405635069,0.02519151685437911,0.01428054673226012
2026-04-24,0.7501085028676708,0.12217461757978403,0.03312238756347555
2026-04-27,-0.48011661279756385,0.10204534633299547,0.019703036080012972
2026-04-28,-0.1741048550758813,0.04340314059335777,0.007904317166398764
2026-04-29,0.16250729055143417,0.024318607028769194,0.0056503995781327036
2026-04-30,0.5217126708608161,0.04494307536216181,0.008526900402053643
2026-05-01,-0.13392459989040154,0.024508646171407168,0.004624774535234067
2026-05-04,-0.1300597012769608,0.018657886680993784,0.004014832804006301
2026-05-05,0.3331876611029985,0.02329346390073897,0.005219763872401138
2026-05-06,0.25104551703987665,0.02112759794295118,0.005939579607613851
2026-05-07,-0.5356555084017974,0.04854464671071461,0.010307890369194866
2026-05-08,-0.011563433860393466,0.023730794587802882,0.005850661129420542
2026-05-11,0.3641812281423278,0.027210117494947506,0.008388176054486048
2026-05-12,0.31635584751924944,0.025510760383640786,0.01360559868320554
2026-05-13,0.7779914534224068,0.14067678505412984,0.03199836793771035
2026-05-14,-0.27960873020013205,0.06680332615994301,0.013169117969482459
2026-05-15,0.17470221748378648,0.03160182651729829,0.007840761995669736
2026-05-18,0.3155227852504186,0.027064623023757006,0.011244120107272939
2026-05-19,0.6518004202208956,0.0792140524071136,0.02409723787512816
2026-05-20,0.42843517815289706,0.06000735648414884,0.021166355599926988
2026-05-21,-0.6693873974483531,0.13380642375842625,0.026278479558120415
2026-05-22,0.19009470400155754,0.05355735604476335,0.00916931683534415
2026-05-25,0.0,0.02504277164884426,0.005289528933089312
2026-05-26,0.39487838302319545,0.03013207455322841,0.007275749393242211
2026-05-27,-0.35136976918769436,0.030305784636834622,0.00886343331206847
2026-05-28,0.5875505009172444,0.0629763046519023,0.012748539828383254
2026-05-29,0.20199759982554294,0.03155230723246654,0.006492408271165954
2026-06-01,-0.1290069450030511,0.020603360292428277,0.006336030482371098
2026-06-02,0.2634456836024016,0.02073123841013786,0.013090921696886705
2026-06-03,-0.033592744283210865,0.016503548809437066,0.03742238576990191
2026-06-04,0.8153433523831155,0.15015197990625406,0.15297307476706706
2026-06-05,-0.2708545932272847,0.06935128577313326,0.17440774920266366
2026-06-08,0.40850978734801296,0.0519634466554262,0.30889893914338795
2026-06-09,0.8906955361019795,0.31582687188774705,0.6686807428560164
2026-06-10,-0.8796029126851787,0.7020831639001932,0.7465768534308113
2026-06-11,-0.8639039979264949,0.8879751658735463,0.7042693687257998
2026-06-12,0.2519750746285349,0.5361010753550494,0.46075032140131783
2026-06-15,-0.8349024487589618,0.7918779118254787,0.42252550429603536
2026-06-16,-0.31559990127103305,0.4825074008832084,0.20864967367977724
2026-06-17,0.07899340251647446,0.18372911549669182,0.14921606598539028
2026-06-18,0.9039673021569269,0.5733750514889173,0.18677293426412642
2026-06-19,-0.5413970098171585,0.48115374145278184,0.09749006278158381
2026-06-22,-0.0359750361064185,0.1815172134675519,0.03021078138549885
2026-06-23,0.4151478613244273,0.10954946485143653,0.0194838092516164
2026-06-24,0.30186170833593773,0.055071049424137215,0.01752135914961557
2026-06-25,0.4121879617388157,0.045711696088396266,0.031103457791545178
2026-06-26,0.027789356855228552,0.022965346505583725,0.06630548031003042
2026-06-29,-0.9211509655944935,0.30645027202086017,0.24316975295684345
2026-06-30,0.5313954610635009,0.24606662617745806,0.2221996693084593
2026-07-01,0.05577244985617779,0.08422897377458533,0.23202950377024245
2026-07-02,0.35065296275107904,0.05075424707749729,0.40825757071473256
2026-07-03,-1.1742167786440223,0.8252399222019832,0.9596442951439925
2026-07-06,1.1742167786440298,0.9913431164714208,0.9557737737184622
2026-07-07,0.26634129605521506,0.6697785956034498,0.3886579033816415
2026-07-08,-0.37196434281510854,0.41338276607658897,0.24090299295056747
2026-07-09,0.8087790596580544,0.6564875254217597,0.20022787788317853
2026-07-10,0.0,0.2811473887817528,0.05071690287841054
2026-07-13,-0.3315836141134907,0.1410229671748534,0.02009382639027401
2026-07-14,0.25431238827951713,0.061613040860303406,0.009127618719973632
2026-07-15,0.2536672806131139,0.03378135368466946,0.007349001520004093
2026-07-16,-0.4869424063747702,0.04833409176995681,0.01119755377174439
2026-07-17,-0.4648660077194937,0.053221958745600956,0.01037856990277836
2026-07-20,-0.2839724617731476,0.03411265796946875,0.006087225786497718
2026-07-21,-0.01672940196289879,0.01992350086826831,0.003786327831006917
2026-07-22,-0.11160092671053255,0.017080565989179987,0.003880250736034905
2026-07-23,0.0334933574639349,0.015483397797671897,0.0057856983432765605
2026-07-24,0.2842415178326446,0.019853626419949325,0.015757326849371305
