date,usd_idr,us10y_yield
2016-07-01,13177.0,1.4559999704360962
2016-07-04,13115.0,
2016-07-05,13060.0,1.3669999837875366
2016-07-06,13160.0,1.3849999904632568
2016-07-07,13212.0,1.3869999647140503
2016-07-08,13100.0,1.3660000562667847
2016-07-11,13105.0,1.434000015258789
2016-07-12,13120.0,1.5130000114440918
2016-07-13,13075.0,1.468000054359436
2016-07-14,13015.0,1.531000018119812
2016-07-15,13020.0,1.593999981880188
2016-07-18,13062.0,1.5870000123977661
2016-07-19,13078.0,1.5579999685287476
2016-07-20,13093.0,1.5800000429153442
2016-07-21,13105.0,1.565000057220459
2016-07-22,13111.0,1.5700000524520874
2016-07-25,13113.0,1.5709999799728394
2016-07-26,13095.0,1.562999963760376
2016-07-27,13162.0,1.5149999856948853
2016-07-28,13098.0,1.5110000371932983
2016-07-29,13058.0,1.4579999446868896
2016-08-01,13020.0,1.496000051498413
2016-08-02,13010.0,1.5369999408721924
2016-08-03,13092.0,1.5420000553131104
2016-08-04,13140.0,1.503000020980835
2016-08-05,13103.0,1.5820000171661377
2016-08-08,13122.0,1.5829999446868896
2016-08-09,13105.0,1.5449999570846558
2016-08-10,13101.0,1.5089999437332153
2016-08-11,13083.0,1.5729999542236328
2016-08-12,13098.0,1.5149999856948853
2016-08-15,13106.0,1.5529999732971191
2016-08-16,13062.0,1.5759999752044678
2016-08-17,13111.0,1.5609999895095825
2016-08-18,13115.0,1.5360000133514404
2016-08-19,13109.0,1.5779999494552612
2016-08-22,13179.0,1.5390000343322754
2016-08-23,13209.0,1.5529999732971191
2016-08-24,13234.0,1.559000015258789
2016-08-25,13258.0,1.5770000219345093
2016-08-26,13246.0,1.6349999904632568
2016-08-29,13310.0,1.565999984741211
2016-08-30,13248.0,1.5700000524520874
2016-08-31,13283.0,1.5679999589920044
2016-09-01,13280.0,1.5700000524520874
2016-09-02,13273.0,1.5959999561309814
2016-09-05,13195.0,
2016-09-06,13125.0,1.5429999828338623
2016-09-07,13058.0,1.5410000085830688
2016-09-08,13070.0,1.6160000562667847
2016-09-09,13071.0,1.6720000505447388
2016-09-12,13176.0,1.6720000505447388
2016-09-13,13172.0,1.7339999675750732
2016-09-14,13241.0,1.6890000104904175
2016-09-15,13191.0,1.7029999494552612
2016-09-16,13144.0,1.7009999752044678
2016-09-19,13163.0,1.6959999799728394
2016-09-20,13139.0,1.687999963760376
2016-09-21,13158.0,1.6679999828338623
2016-09-22,13058.0,1.6319999694824219
2016-09-23,13062.0,1.6150000095367432
2016-09-26,13053.0,1.5889999866485596
2016-09-27,13039.0,1.555999994277954
2016-09-28,12917.0,1.5670000314712524
2016-09-29,12921.0,1.5570000410079956
2016-09-30,13003.0,1.6080000400543213
2016-10-03,12966.0,1.621999979019165
2016-10-04,12962.0,1.6829999685287476
2016-10-05,13031.0,1.715999960899353
2016-10-06,13014.0,1.7419999837875366
2016-10-07,13005.0,1.7359999418258667
2016-10-10,12967.0,1.7230000495910645
2016-10-11,12926.0,1.7589999437332153
2016-10-12,13068.0,1.777999997138977
2016-10-13,13019.0,1.7380000352859497
2016-10-14,13044.0,1.7940000295639038
2016-10-17,13092.0,1.7660000324249268
2016-10-18,13051.0,1.7489999532699585
2016-10-19,13020.0,1.7519999742507935
2016-10-20,12972.0,1.746999979019165
2016-10-21,13005.0,1.7400000095367432
2016-10-24,13050.0,1.7630000114440918
2016-10-25,13012.0,1.7580000162124634
2016-10-26,12976.0,1.7899999618530273
2016-10-27,13024.0,1.843000054359436
2016-10-28,13053.0,1.8450000286102295
2016-10-31,13063.0,1.8339999914169312
2016-11-01,13013.0,1.8200000524520874
2016-11-02,13038.0,1.7990000247955322
2016-11-03,13046.0,1.812000036239624
2016-11-04,13068.0,1.7829999923706055
2016-11-07,13115.0,1.8279999494552612
2016-11-08,13087.0,1.8619999885559082
2016-11-09,13041.0,2.072000026702881
2016-11-10,13137.0,2.117000102996826
2016-11-11,13588.0,
2016-11-14,13342.0,2.2219998836517334
2016-11-15,13459.0,2.23799991607666
2016-11-16,13313.0,2.2230000495910645
2016-11-17,13368.0,2.2760000228881836
2016-11-18,13411.0,2.3350000381469727
2016-11-21,13479.0,2.3389999866485596
2016-11-22,13412.0,2.321000099182129
2016-11-23,13432.0,2.3570001125335693
2016-11-24,13607.0,
2016-11-25,13558.0,2.371999979019165
2016-11-28,13480.0,2.319999933242798
2016-11-29,13479.0,2.302000045776367
2016-11-30,13502.0,2.368000030517578
2016-12-01,13572.0,2.440999984741211
2016-12-02,13518.0,2.390000104904175
2016-12-05,13640.0,2.38700008392334
2016-12-06,13436.0,2.3959999084472656
2016-12-07,13296.0,2.3469998836517334
2016-12-08,13277.0,2.38700008392334
2016-12-09,13306.0,2.4639999866485596
2016-12-12,13357.0,2.4790000915527344
2016-12-13,13278.0,2.4809999465942383
2016-12-14,13280.0,2.5250000953674316
2016-12-15,13418.0,2.5799999237060547
2016-12-16,13411.0,2.5969998836517334
2016-12-19,13383.0,2.5420000553131104
2016-12-20,13370.0,2.568000078201294
2016-12-21,13421.0,2.5460000038146973
2016-12-22,13439.0,2.552999973297119
2016-12-23,13449.0,2.5429999828338623
2016-12-26,13442.0,
2016-12-27,13442.0,2.562999963760376
2016-12-28,13429.0,2.50600004196167
2016-12-29,13490.0,2.4769999980926514
2016-12-30,13466.0,2.446000099182129
2017-01-02,13512.0,
2017-01-03,13506.0,2.450000047683716
2017-01-04,13443.0,2.4519999027252197
2017-01-05,13348.0,2.368000030517578
2017-01-06,13319.0,2.4179999828338623
2017-01-09,13351.0,2.375999927520752
2017-01-10,13314.0,2.378999948501587
2017-01-11,13291.0,2.369999885559082
2017-01-12,13241.0,2.3610000610351562
2017-01-13,13258.0,2.380000114440918
2017-01-16,13313.0,
2017-01-17,13349.0,2.3269999027252197
2017-01-18,13296.0,2.3889999389648438
2017-01-19,13370.0,2.4590001106262207
2017-01-20,13378.0,2.4670000076293945
2017-01-23,13406.0,2.4030001163482666
2017-01-24,13345.0,2.4709999561309814
2017-01-25,13342.0,2.5230000019073486
2017-01-26,13316.0,2.507999897003174
2017-01-27,13387.0,2.4809999465942383
2017-01-30,13326.0,2.4830000400543213
2017-01-31,13338.0,2.4509999752044678
2017-02-01,13345.0,2.4739999771118164
2017-02-02,13360.0,2.4700000286102295
2017-02-03,13346.0,2.490999937057495
2017-02-06,13338.0,2.4130001068115234
2017-02-07,13326.0,2.3889999389648438
2017-02-08,13310.0,2.3510000705718994
2017-02-09,13302.0,2.3949999809265137
2017-02-10,13288.0,2.4089999198913574
2017-02-13,13335.0,2.434000015258789
2017-02-14,13323.0,2.4700000286102295
2017-02-15,13321.0,2.502000093460083
2017-02-16,13316.0,2.450000047683716
2017-02-17,13321.0,2.424999952316284
2017-02-20,13350.0,
2017-02-21,13347.0,2.427000045776367
2017-02-22,13358.0,2.4179999828338623
2017-02-23,13338.0,2.388000011444092
2017-02-24,13325.0,2.316999912261963
2017-02-27,13324.0,2.36899995803833
2017-02-28,13339.0,2.3580000400543213
2017-03-01,13391.0,2.4630000591278076
2017-03-02,13392.0,2.489000082015991
2017-03-03,13373.0,2.492000102996826
2017-03-06,13278.0,2.49399995803833
2017-03-07,13342.0,2.510999917984009
2017-03-08,13336.0,2.552000045776367
2017-03-09,13368.0,2.5980000495910645
2017-03-10,13403.0,2.5820000171661377
2017-03-13,13346.0,2.6080000400543213
2017-03-14,13372.0,2.5950000286102295
2017-03-15,13390.0,2.507999897003174
2017-03-16,13217.0,2.5220000743865967
2017-03-17,13283.0,2.500999927520752
2017-03-20,13330.0,2.4730000495910645
2017-03-21,13332.0,2.436000108718872
2017-03-22,13308.0,2.3959999084472656
2017-03-23,13327.0,2.4179999828338623
2017-03-24,13318.0,2.4000000953674316
2017-03-27,13320.0,2.372999906539917
2017-03-28,13308.0,2.4089999198913574
2017-03-29,13309.0,2.385999917984009
2017-03-30,13303.0,2.4159998893737793
2017-03-31,13299.0,2.3959999084472656
2017-04-03,13335.0,2.3499999046325684
2017-04-04,13316.0,2.3499999046325684
2017-04-05,13332.0,2.3570001125335693
2017-04-06,13323.0,2.3429999351501465
2017-04-07,13353.0,2.372999906539917
2017-04-10,13373.0,2.3610000610351562
2017-04-11,13271.0,2.2980000972747803
2017-04-12,13291.0,2.2960000038146973
2017-04-13,13277.0,2.2320001125335693
2017-04-14,13276.0,
2017-04-17,13287.0,2.252000093460083
2017-04-18,13279.0,2.178999900817871
2017-04-19,13296.0,2.2019999027252197
2017-04-20,13343.0,2.240999937057495
2017-04-21,13317.0,2.236999988555908
2017-04-24,13105.0,2.2730000019073486
2017-04-25,13124.0,2.3269999027252197
2017-04-26,13303.0,2.311000108718872
2017-04-27,13261.0,2.2960000038146973
2017-04-28,13351.0,2.2820000648498535
2017-05-01,13322.0,2.325000047683716
2017-05-02,13325.0,2.2960000038146973
2017-05-03,13295.0,2.309000015258789
2017-05-04,13304.0,2.3559999465942383
2017-05-05,13340.0,2.3519999980926514
2017-05-08,13315.0,2.375999927520752
2017-05-09,13324.0,2.4070000648498535
2017-05-10,13359.0,2.4140000343322754
2017-05-11,13353.0,2.4000000953674316
2017-05-12,13312.0,2.3350000381469727
2017-05-15,13323.0,2.3380000591278076
2017-05-16,13285.0,2.3289999961853027
2017-05-17,13274.0,2.2160000801086426
2017-05-18,13318.0,2.2330000400543213
2017-05-19,13399.0,2.244999885559082
2017-05-22,13328.0,2.253999948501587
2017-05-23,13296.0,2.2850000858306885
2017-05-24,13296.0,2.2660000324249268
2017-05-25,13302.0,2.255000114440918
2017-05-26,13302.0,2.25
2017-05-29,13288.0,
2017-05-30,13315.0,2.2170000076293945
2017-05-31,13319.0,2.196000099182129
2017-06-01,13294.0,2.2170000076293945
2017-06-02,13288.0,2.1589999198913574
2017-06-05,13304.0,2.181999921798706
2017-06-06,13283.0,2.1470000743865967
2017-06-07,13259.0,2.177999973297119
2017-06-08,13313.0,2.194000005722046
2017-06-09,13293.0,2.1989998817443848
2017-06-12,13295.0,2.2130000591278076
2017-06-13,13314.0,2.2070000171661377
2017-06-14,13282.0,2.138000011444092
2017-06-15,13286.0,2.1619999408721924
2017-06-16,13294.0,2.1570000648498535
2017-06-19,13277.0,2.190000057220459
2017-06-20,13286.0,2.1530001163482666
2017-06-21,13291.0,2.1549999713897705
2017-06-22,13301.0,2.1530001163482666
2017-06-23,13341.0,2.1440000534057617
2017-06-26,13284.0,2.13700008392334
2017-06-27,13318.0,2.197999954223633
2017-06-28,13308.0,2.2209999561309814
2017-06-29,13296.0,2.2669999599456787
2017-06-30,13278.0,2.302000045776367
2017-07-03,13298.0,2.3459999561309814
2017-07-04,13364.0,
2017-07-05,13351.0,2.3340001106262207
2017-07-06,13363.0,2.369999885559082
2017-07-07,13383.0,2.3929998874664307
2017-07-10,13408.0,2.371000051498413
2017-07-12,13349.0,2.3269999027252197
2017-07-13,13363.0,2.3480000495910645
2017-07-14,13341.0,2.319000005722046
2017-07-17,13332.0,2.309000015258789
2017-07-18,13321.0,2.263000011444092
2017-07-19,13302.0,2.2679998874664307
2017-07-20,13309.0,2.2660000324249268
2017-07-21,13303.0,2.2320001125335693
2017-07-24,13265.0,2.253999948501587
2017-07-25,13316.0,2.3259999752044678
2017-07-26,13328.0,2.2820000648498535
2017-07-27,13329.0,2.309999942779541
2017-07-28,13311.0,2.2890000343322754
2017-07-31,13320.0,2.2920000553131104
2017-08-01,13318.0,2.250999927520752
2017-08-02,13317.0,2.26200008392334
2017-08-03,13317.0,2.2279999256134033
2017-08-04,13319.0,2.2669999599456787
2017-08-07,13309.0,2.256999969482422
2017-08-08,13315.0,2.2829999923706055
2017-08-09,13306.0,2.240999937057495
2017-08-10,13326.0,2.2119998931884766
2017-08-11,13327.0,2.188999891281128
2017-08-14,13351.0,2.2190001010894775
2017-08-15,13342.0,2.2660000324249268
2017-08-16,13354.0,2.2260000705718994
2017-08-17,13350.0,2.1989998817443848
2017-08-18,13372.0,2.194000005722046
2017-08-21,13355.0,2.180000066757202
2017-08-22,13344.0,2.2149999141693115
2017-08-23,13325.0,2.1710000038146973
2017-08-24,13351.0,2.194000005722046
2017-08-25,13333.0,2.1689999103546143
2017-08-28,13339.0,2.1589999198913574
2017-08-29,13303.0,2.135999917984009
2017-08-30,13333.0,2.1429998874664307
2017-08-31,13334.0,2.121000051498413
2017-09-01,13321.0,2.1570000648498535
2017-09-04,13331.0,
2017-09-05,13353.0,2.069999933242798
2017-09-06,13333.0,2.1080000400543213
2017-09-07,13339.0,2.061000108718872
2017-09-08,13289.0,2.061000108718872
2017-09-11,13197.0,2.125
2017-09-12,13176.0,2.1710000038146973
2017-09-13,13208.0,2.194999933242798
2017-09-14,13242.0,2.197000026702881
2017-09-15,13262.0,2.2019999027252197
2017-09-18,13252.0,2.2290000915527344
2017-09-19,13268.0,2.243000030517578
2017-09-20,13256.0,2.2769999504089355
2017-09-21,13273.0,2.2780001163482666
2017-09-22,13273.0,2.26200008392334
2017-09-25,13306.0,2.2200000286102295
2017-09-26,13319.0,2.2290000915527344
2017-09-27,13375.0,2.309000015258789
2017-09-28,13433.0,2.309000015258789
2017-09-29,13508.0,2.3259999752044678
2017-10-02,13465.0,2.3369998931884766
2017-10-03,13531.0,2.3340001106262207
2017-10-04,13536.0,2.3299999237060547
2017-10-05,13470.0,2.3499999046325684
2017-10-06,13451.0,2.369999885559082
2017-10-09,13497.0,2.3610000610351562
2017-10-10,13510.0,2.3450000286102295
2017-10-11,13510.0,2.3450000286102295
2017-10-12,13510.0,2.322999954223633
2017-10-13,13498.0,2.2799999713897705
2017-10-16,13492.0,2.306999921798706
2017-10-17,13476.0,2.2980000972747803
2017-10-18,13495.0,2.3389999866485596
2017-10-19,13510.0,2.321000099182129
2017-10-20,13490.0,2.38100004196167
2017-10-23,13516.0,2.375999927520752
2017-10-24,13535.0,2.4059998989105225
2017-10-25,13525.0,2.444000005722046
2017-10-26,13572.0,2.4519999027252197
2017-10-27,13643.0,2.427999973297119
2017-10-30,13588.0,2.369999885559082
2017-10-31,13574.0,2.375999927520752
2017-11-01,13554.0,2.375999927520752
2017-11-02,13553.0,2.3469998836517334
2017-11-03,13543.0,2.3429999351501465
2017-11-06,13480.0,2.319999933242798
2017-11-07,13483.0,2.306999921798706
2017-11-08,13514.0,2.325000047683716
2017-11-09,13503.0,2.3310000896453857
2017-11-10,13527.0,2.4000000953674316
2017-11-13,13512.0,2.4000000953674316
2017-11-14,13553.0,2.38100004196167
2017-11-15,13545.0,2.3350000381469727
2017-11-17,13514.0,2.3540000915527344
2017-11-20,13508.0,2.371999979019165
2017-11-21,13525.0,2.36299991607666
2017-11-22,13519.0,2.322000026702881
2017-11-23,13491.0,
2017-11-24,13489.0,2.3399999141693115
2017-11-27,13498.0,2.328000068664551
2017-11-28,13511.0,2.3380000591278076
2017-11-29,13500.0,2.375999927520752
2017-11-30,13504.0,2.4170000553131104
2017-12-01,13541.0,2.361999988555908
2017-12-04,13560.0,2.378999948501587
2017-12-05,13494.0,2.3559999465942383
2017-12-06,13513.0,2.3299999237060547
2017-12-07,13534.0,2.375999927520752
2017-12-08,13553.0,2.382999897003174
2017-12-11,13507.0,2.384999990463257
2017-12-12,13552.0,2.4030001163482666
2017-12-13,13551.0,2.3489999771118164
2017-12-14,13540.0,2.3459999561309814
2017-12-15,13554.0,2.3550000190734863
2017-12-18,13568.0,2.3919999599456787
2017-12-19,13580.0,2.4630000591278076
2017-12-20,13575.0,2.496999979019165
2017-12-21,13573.0,2.4809999465942383
2017-12-22,13562.0,2.484999895095825
2017-12-25,13551.0,
2017-12-26,13532.0,2.4670000076293945
2017-12-27,13552.0,2.4140000343322754
2017-12-28,13558.0,2.431999921798706
2017-12-29,13558.0,2.4049999713897705
2018-01-01,13542.0,
2018-01-02,13550.0,2.4649999141693115
2018-01-03,13496.0,2.447000026702881
2018-01-04,13468.0,2.453000068664551
2018-01-05,13415.0,2.4760000705718994
2018-01-08,13427.0,2.4800000190734863
2018-01-09,13427.0,2.5460000038146973
2018-01-10,13430.0,2.549999952316284
2018-01-11,13441.0,2.5309998989105225
2018-01-12,13393.0,2.552000045776367
2018-01-15,13295.0,
2018-01-16,13305.0,2.5439999103546143
2018-01-17,13306.0,2.578000068664551
2018-01-18,13336.0,2.6110000610351562
2018-01-19,13334.0,2.63700008392334
2018-01-22,13325.0,2.6649999618530273
2018-01-23,13342.0,2.624000072479248
2018-01-24,13336.0,2.6540000438690186
2018-01-25,13298.0,2.621000051498413
2018-01-26,13299.0,2.6619999408721924
2018-01-29,13296.0,2.6989998817443848
2018-01-30,13367.0,2.7260000705718994
2018-01-31,13421.0,2.7200000286102295
2018-02-01,13383.0,2.7730000019073486
2018-02-02,13386.0,2.8540000915527344
2018-02-05,13411.0,2.7939999103546143
2018-02-06,13564.0,2.7679998874664307
2018-02-07,13544.0,2.8440001010894775
2018-02-08,13641.0,2.8510000705718994
2018-02-09,13598.0,2.8289999961853027
2018-02-12,13610.0,2.8570001125335693
2018-02-13,13643.0,2.8399999141693115
2018-02-14,13640.0,2.9130001068115234
2018-02-15,13622.0,2.8910000324249268
2018-02-16,13552.0,2.877000093460083
2018-02-19,13552.0,
2018-02-20,13554.0,2.8929998874664307
2018-02-21,13608.0,2.943000078201294
2018-02-22,13612.0,2.9170000553131104
2018-02-23,13676.0,2.871000051498413
2018-02-26,13652.0,2.8589999675750732
2018-02-27,13651.0,2.9079999923706055
2018-02-28,13694.0,2.868000030517578
2018-03-01,13756.0,2.803999900817871
2018-03-02,13741.0,2.8570001125335693
2018-03-05,13751.0,2.88100004196167
2018-03-06,13737.0,2.877000093460083
2018-03-07,13759.0,2.882999897003174
2018-03-08,13745.0,2.865999937057495
2018-03-09,13786.0,2.8940000534057617
2018-03-12,13772.0,2.869999885559082
2018-03-13,13755.0,2.8480000495910645
2018-03-14,13740.0,2.816999912261963
2018-03-15,13725.0,2.8259999752044678
2018-03-16,13758.0,2.8480000495910645
2018-03-19,13748.0,2.8450000286102295
2018-03-20,13771.0,2.878999948501587
2018-03-21,13743.0,2.9070000648498535
2018-03-22,13705.0,2.8320000171661377
2018-03-23,13754.0,2.8299999237060547
2018-03-26,13762.0,2.8429999351501465
2018-03-27,13718.0,2.7860000133514404
2018-03-28,13740.0,2.7750000953674316
2018-03-29,13756.0,2.740999937057495
2018-03-30,13757.0,
2018-04-02,13768.0,2.7320001125335693
2018-04-03,13748.0,2.7839999198913574
2018-04-04,13741.0,2.7880001068115234
2018-04-05,13751.0,2.8320000171661377
2018-04-06,13760.0,2.7750000953674316
2018-04-09,13763.0,2.7860000133514404
2018-04-10,13768.0,2.796999931335449
2018-04-11,13742.099609375,2.7899999618530273
2018-04-12,13753.5,2.8340001106262207
2018-04-13,13767.0,2.8289999961853027
2018-04-16,13733.0,2.8320000171661377
2018-04-17,13766.0,2.813999891281128
2018-04-18,13757.0,2.867000102996826
2018-04-19,13769.0,2.9140000343322754
2018-04-20,13800.0,2.9509999752044678
2018-04-23,13899.0,2.9730000495910645
2018-04-24,13961.0,2.9830000400543213
2018-04-25,13872.0,3.0239999294281006
2018-04-26,13919.0,2.990000009536743
2018-04-27,13879.0,2.9570000171661377
2018-04-30,13870.0,2.936000108718872
2018-05-01,13901.0,2.9760000705718994
2018-05-02,13982.2998046875,2.9639999866485596
2018-05-03,14002.2998046875,2.946000099182129
2018-05-04,13931.0,2.944000005722046
2018-05-07,13933.0,2.950000047683716
2018-05-08,14268.5,2.9690001010894775
2018-05-09,14264.099609375,3.003999948501587
2018-05-10,14073.0,2.9709999561309814
2018-05-11,14073.0,2.9709999561309814
2018-05-14,13943.0,2.994999885559082
2018-05-15,13963.0,3.0799999237060547
2018-05-16,14030.0,3.0950000286102295
2018-05-17,14149.2001953125,3.1089999675750732
2018-05-18,14153.5,3.066999912261963
2018-05-21,14163.0,3.065000057220459
2018-05-22,14220.0,3.065000057220459
2018-05-23,14200.7998046875,3.003000020980835
2018-05-24,14169.0,2.9809999465942383
2018-05-25,14124.0,2.930999994277954
2018-05-28,14078.0,
2018-05-29,14010.0,2.7679998874664307
2018-05-30,14029.0,2.8420000076293945
2018-05-31,13977.0,2.822000026702881
2018-06-01,13880.0,2.8949999809265137
2018-06-04,13938.0,2.937000036239624
2018-06-05,13860.0,2.9189999103546143
2018-06-06,13870.0,2.9749999046325684
2018-06-07,13822.0,2.933000087738037
2018-06-08,13863.0,2.937000036239624
2018-06-11,13866.0,2.9570000171661377
2018-06-12,13923.0,2.9570000171661377
2018-06-13,13923.0,2.9769999980926514
2018-06-14,13923.0,2.946000099182129
2018-06-15,14121.400390625,2.9240000247955322
2018-06-18,13923.0,2.9260001182556152
2018-06-19,13923.0,2.8929998874664307
2018-06-20,13923.0,2.927999973297119
2018-06-21,13923.0,2.8970000743865967
2018-06-22,14088.0,2.9000000953674316
2018-06-25,14073.0,2.875
2018-06-26,14148.0,2.880000114440918
2018-06-27,14188.0,2.8269999027252197
2018-06-28,14235.0,2.8469998836517334
2018-06-29,14350.0,2.8489999771118164
2018-07-02,14317.0,2.865999937057495
2018-07-03,14347.0,2.8380000591278076
2018-07-04,14353.0,
2018-07-05,14400.0,2.8399999141693115
2018-07-06,14378.7998046875,2.8310000896453857
2018-07-09,14307.0,2.859999895095825
2018-07-10,14311.0,2.872999906539917
2018-07-11,14375.0,2.8420000076293945
2018-07-12,14378.0,2.8529999256134033
2018-07-13,14385.0,2.8310000896453857
2018-07-16,14373.0,2.8580000400543213
2018-07-17,14365.5,2.864000082015991
2018-07-18,14377.0,2.875
2018-07-19,14441.0,2.8469998836517334
2018-07-20,14468.0,2.8949999809265137
2018-07-23,14473.0,2.9649999141693115
2018-07-24,14567.5,2.9489998817443848
2018-07-25,14543.2998046875,2.936000108718872
2018-07-26,14465.0,2.9749999046325684
2018-07-27,14525.0,2.9600000381469727
2018-07-30,14411.0,2.9749999046325684
2018-07-31,14403.0,2.9639999866485596
2018-08-01,14409.2001953125,3.003000020980835
2018-08-02,14489.0,2.9860000610351562
2018-08-03,14521.0,2.953000068664551
2018-08-06,14486.0,2.937999963760376
2018-08-07,14543.2998046875,2.9730000495910645
2018-08-08,14422.0,2.9709999561309814
2018-08-09,14398.0,2.934999942779541
2018-08-10,14472.0,2.8570001125335693
2018-08-13,14473.0,2.877000093460083
2018-08-14,14594.0,2.8949999809265137
2018-08-15,14642.0,2.8519999980926514
2018-08-16,14555.7998046875,2.871000051498413
2018-08-17,14598.599609375,2.872999906539917
2018-08-20,14572.0,2.822999954223633
2018-08-21,14562.0,2.8440001010894775
2018-08-22,14570.0,2.822999954223633
2018-08-23,14572.0,2.821000099182129
2018-08-24,14664.0,2.8259999752044678
2018-08-27,14559.0,2.8480000495910645
2018-08-28,14551.0,2.884000062942505
2018-08-29,14653.0,2.884000062942505
2018-08-30,14618.0,2.859999895095825
2018-08-31,14751.0,2.8529999256134033
2018-09-03,14723.0,
2018-09-04,14832.0,2.9019999504089355
2018-09-05,14930.0,2.9019999504089355
2018-09-06,14979.900390625,2.878999948501587
2018-09-07,14893.0,2.941999912261963
2018-09-10,14813.0,2.937000036239624
2018-09-11,14844.5,2.9769999980926514
2018-09-12,14837.0,2.9630000591278076
2018-09-13,14807.0,2.9630000591278076
2018-09-14,14740.0,2.99399995803833
2018-09-17,14807.0,3.000999927520752
2018-09-18,14907.099609375,3.0480000972747803
2018-09-19,14867.0,3.0829999446868896
2018-09-20,14880.0,3.078000068664551
2018-09-21,14832.0,3.068000078201294
2018-09-24,14812.0,3.078000068664551
2018-09-25,14861.0,3.1019999980926514
2018-09-26,15021.5,3.061000108718872
2018-09-27,14985.0,3.055999994277954
2018-09-28,14918.7998046875,3.055999994277954
2018-10-01,14902.0,3.0799999237060547
2018-10-02,15053.2998046875,3.055999994277954
2018-10-03,15038.0,3.1610000133514404
2018-10-04,15139.2001953125,3.197000026702881
2018-10-05,15408.900390625,3.2249999046325684
2018-10-08,15173.0,3.2330000400543213
2018-10-09,15400.0,3.2079999446868896
2018-10-10,15223.0,3.2249999046325684
2018-10-11,15196.0,3.132999897003174
2018-10-12,15299.2001953125,3.1410000324249268
2018-10-15,15198.0,3.1630001068115234
2018-10-16,15193.7998046875,3.1559998989105225
2018-10-17,15193.0,3.178999900817871
2018-10-18,15264.2998046875,3.174999952316284
2018-10-19,15328.5,3.197999954223633
2018-10-22,15181.0,3.196000099182129
2018-10-23,15264.7001953125,3.1659998893737793
2018-10-24,15183.0,3.124000072479248
2018-10-25,15269.5,3.135999917984009
2018-10-26,15257.2998046875,3.0769999027252197
2018-10-29,15210.0,3.0869998931884766
2018-10-30,15297.7998046875,3.109999895095825
2018-10-31,15273.099609375,3.1589999198913574
2018-11-01,15196.0,3.1440000534057617
2018-11-02,15068.7001953125,3.2139999866485596
2018-11-05,14946.0,3.2009999752044678
2018-11-06,14921.599609375,3.2139999866485596
2018-11-07,14830.0,3.2130000591278076
2018-11-08,14598.900390625,3.2339999675750732
2018-11-09,14720.0,3.188999891281128
2018-11-12,14678.0,3.186000108718872
2018-11-13,14808.0,3.1449999809265137
2018-11-14,14794.2998046875,3.119999885559082
2018-11-15,14813.2998046875,3.118000030517578
2018-11-16,14562.2001953125,3.0739998817443848
2018-11-19,14605.0,3.056999921798706
2018-11-20,14652.7001953125,3.0480000972747803
2018-11-21,14664.2998046875,3.061000108718872
2018-11-22,14630.0,
2018-11-23,14600.0,3.053999900817871
2018-11-26,14533.0,3.072000026702881
2018-11-27,14526.900390625,3.055000066757202
2018-11-28,14575.5,3.0439999103546143
2018-11-29,14459.7998046875,3.0350000858306885
2018-11-30,14356.0,3.013000011444092
2018-12-03,14296.0,2.992000102996826
2018-12-04,14339.0,2.9240000247955322
2018-12-05,14448.599609375,
2018-12-06,14431.599609375,2.875999927520752
2018-12-07,14528.0,2.8499999046325684
2018-12-10,14463.0,2.8559999465942383
2018-12-11,14548.0,2.878999948501587
2018-12-12,14637.400390625,2.9059998989105225
2018-12-13,14579.7998046875,2.9110000133514404
2018-12-14,14550.0,2.8910000324249268
2018-12-17,14578.0,2.8570001125335693
2018-12-18,14588.7001953125,2.825000047683716
2018-12-19,14490.0,2.7780001163482666
2018-12-20,14493.0,2.7890000343322754
2018-12-21,14534.7998046875,2.7920000553131104
2018-12-24,14548.0,2.749000072479248
2018-12-25,14548.0,
2018-12-26,14710.0,2.796999931335449
2018-12-27,14609.400390625,2.743000030517578
2018-12-28,14561.599609375,2.7360000610351562
2018-12-31,14553.0,2.686000108718872
2019-01-01,14460.0,
2019-01-02,14460.0,2.6610000133514404
2019-01-03,14409.7001953125,2.553999900817871
2019-01-04,14375.400390625,2.6589999198913574
2019-01-07,14267.0,2.681999921798706
2019-01-08,14083.0,2.7160000801086426
2019-01-09,14138.0,2.7279999256134033
2019-01-10,14130.0,2.7309999465942383
2019-01-11,14048.0,2.7009999752044678
2019-01-14,14038.0,2.7100000381469727
2019-01-15,14117.0,2.7109999656677246
2019-01-16,14111.0,2.7309999465942383
2019-01-17,14140.0,2.749000072479248
2019-01-18,14173.0,2.7839999198913574
2019-01-21,14168.0,
2019-01-22,14307.0,2.7300000190734863
2019-01-23,14208.0,2.755000114440918
2019-01-24,14130.900390625,2.7119998931884766
2019-01-25,14189.0,2.753000020980835
2019-01-28,14078.0,2.74399995803833
2019-01-29,14063.0,2.7119998931884766
2019-01-30,14074.0,2.694999933242798
2019-01-31,14033.0,2.634999990463257
2019-02-01,13966.0,2.690999984741211
2019-02-04,13933.0,2.7239999771118164
2019-02-05,13957.5,2.7019999027252197
2019-02-06,13950.5,2.7019999027252197
2019-02-07,13915.0,2.6519999504089355
2019-02-08,13966.0,2.631999969482422
2019-02-11,13958.0,2.6610000133514404
2019-02-12,14033.0,2.684000015258789
2019-02-13,14012.7001953125,2.7079999446868896
2019-02-14,14151.0,2.6570000648498535
2019-02-15,14083.0,2.6659998893737793
2019-02-18,14136.0,
2019-02-19,14192.5,2.6470000743865967
2019-02-20,14096.5,2.6540000438690186
2019-02-21,14033.0,2.687999963760376
2019-02-22,14120.0,2.6549999713897705
2019-02-25,14051.0,2.6730000972747803
2019-02-26,14011.0,2.635999917984009
2019-02-27,13960.0,2.693000078201294
2019-02-28,14015.0,2.7109999656677246
2019-03-01,14194.0,2.755000114440918
2019-03-04,14108.0,2.7219998836517334
2019-03-05,14205.0,2.7219998836517334
2019-03-06,14150.5,2.691999912261963
2019-03-07,14214.5,2.635999917984009
2019-03-08,14240.7998046875,2.625
2019-03-11,14303.0,2.6429998874664307
2019-03-12,14283.0,2.6050000190734863
2019-03-13,14258.0,2.6110000610351562
2019-03-14,14258.0,2.630000114440918
2019-03-15,14287.0,2.5929999351501465
2019-03-18,14251.0,2.6019999980926514
2019-03-19,14251.0,2.614000082015991
2019-03-20,14223.0,2.5350000858306885
2019-03-21,14055.0,2.5369999408721924
2019-03-22,14133.0,2.4549999237060547
2019-03-25,14158.0,2.4200000762939453
2019-03-26,14173.0,2.4140000343322754
2019-03-27,14163.0,2.374000072479248
2019-03-28,14346.0,2.3889999389648438
2019-03-29,14235.0,2.4140000343322754
2019-04-01,14233.0,2.496999979019165
2019-04-02,14240.0,2.4809999465942383
2019-04-03,14213.0,2.5169999599456787
2019-04-04,14210.0,2.51200008392334
2019-04-05,14151.0,2.500999927520752
2019-04-08,14112.0,2.5190000534057617
2019-04-09,14191.0,2.499000072479248
2019-04-10,14136.0,2.4769999980926514
2019-04-11,14177.0,2.503999948501587
2019-04-12,14138.0,2.559999942779541
2019-04-15,14086.0,2.552999973297119
2019-04-16,14155.5,2.5920000076293945
2019-04-17,14079.0,2.5920000076293945
2019-04-18,14078.0,2.559999942779541
2019-04-19,14036.0,
2019-04-22,14036.0,2.5899999141693115
2019-04-23,14061.5,2.569999933242798
2019-04-24,14061.0,2.5220000743865967
2019-04-25,14154.0,2.5339999198913574
2019-04-26,14306.5,2.505000114440918
2019-04-29,14165.0,2.5360000133514404
2019-04-30,14191.0,2.509000062942505
2019-05-01,14243.0,2.510999917984009
2019-05-02,14244.2998046875,2.552000045776367
2019-05-03,14244.0,2.5309998989105225
2019-05-06,14230.0,2.5
2019-05-07,14286.0,2.447999954223633
2019-05-08,14346.2998046875,2.4820001125335693
2019-05-09,14288.0,2.4570000171661377
2019-05-10,14343.0,2.4549999237060547
2019-05-13,14318.0,2.4049999713897705
2019-05-14,14497.400390625,2.4189999103546143
2019-05-15,14423.0,2.378999948501587
2019-05-16,14540.0,2.4049999713897705
2019-05-17,14569.5,2.3929998874664307
2019-05-20,14443.0,2.4159998893737793
2019-05-21,14448.0,2.4260001182556152
2019-05-23,14518.0,2.2960000038146973
2019-05-24,14453.0,2.3239998817443848
2019-05-27,14386.0,
2019-05-28,14445.0,2.2679998874664307
2019-05-29,14468.0,2.2360000610351562
2019-05-30,14393.0,2.2269999980926514
2019-05-31,14401.0,2.1419999599456787
2019-06-03,14268.0,2.0810000896453857
2019-06-04,14237.0,2.11899995803833
2019-06-05,14260.0,2.122999906539917
2019-06-06,14280.0,2.124000072479248
2019-06-07,14256.0,2.0840001106262207
2019-06-10,14268.0,2.1429998874664307
2019-06-11,14276.0,2.140000104904175
2019-06-12,14294.5,2.127000093460083
2019-06-13,14262.0,2.0910000801086426
2019-06-14,14273.0,2.0929999351501465
2019-06-17,14318.0,2.0859999656677246
2019-06-18,14413.5,2.059999942779541
2019-06-19,14289.5,2.0290000438690186
2019-06-20,14280.0,2.000999927520752
2019-06-21,14142.0,2.068000078201294
2019-06-24,14148.0,2.0209999084472656
2019-06-25,14183.0,1.99399995803833
2019-06-26,14118.0,2.0490000247955322
2019-06-27,14215.5,2.005000114440918
2019-06-28,14184.5,2.0
2019-07-01,14121.0,2.0339999198913574
2019-07-02,14150.0,1.9759999513626099
2019-07-03,14196.0,1.9529999494552612
2019-07-04,14178.5,
2019-07-05,14150.0,2.0480000972747803
2019-07-08,14076.0,2.0339999198913574
2019-07-09,14187.0,2.053999900817871
2019-07-10,14236.0,2.061000108718872
2019-07-11,14161.5,2.119999885559082
2019-07-12,14124.0,2.1059999465942383
2019-07-15,14000.0,2.0920000076293945
2019-07-16,13913.0,2.121999979019165
2019-07-17,14008.5,2.061000108718872
2019-07-18,14023.0,2.0380001068115234
2019-07-19,13970.0,2.0480000972747803
2019-07-22,13941.0,2.0429999828338623
2019-07-23,13997.0,2.0739998817443848
2019-07-24,14039.0,2.049999952316284
2019-07-25,14027.5,2.0739998817443848
2019-07-26,14052.7001953125,2.0810000896453857
2019-07-29,13997.0,2.055000066757202
2019-07-30,14066.0,2.061000108718872
2019-07-31,14066.400390625,2.0209999084472656
2019-08-01,14165.0,1.8940000534057617
2019-08-02,14329.0,1.8550000190734863
2019-08-05,14173.0,1.7350000143051147
2019-08-06,14248.0,1.7389999628067017
2019-08-07,14258.0,1.684000015258789
2019-08-08,14274.5,1.715999960899353
2019-08-09,14236.5,1.7339999675750732
2019-08-12,14183.0,1.6390000581741333
2019-08-13,14241.0,1.6799999475479126
2019-08-14,14232.7998046875,1.5809999704360962
2019-08-15,14238.0,1.5290000438690186
2019-08-16,14333.0,1.5390000343322754
2019-08-19,14228.0,1.5980000495910645
2019-08-20,14337.2998046875,1.5609999895095825
2019-08-21,14326.099609375,1.5770000219345093
2019-08-22,14275.0,1.6100000143051147
2019-08-23,14228.0,1.527999997138977
2019-08-26,14206.0,1.5449999570846558
2019-08-27,14253.7998046875,1.4900000095367432
2019-08-28,14343.7998046875,1.465999960899353
2019-08-29,14311.2998046875,1.5160000324249268
2019-08-30,14231.0,1.50600004196167
2019-09-02,14178.0,
2019-09-03,14265.0,1.465999960899353
2019-09-04,14260.7001953125,1.4589999914169312
2019-09-05,14146.0,1.565000057220459
2019-09-06,14172.2998046875,1.5499999523162842
2019-09-09,14088.0,1.621999979019165
2019-09-10,14024.0,1.7020000219345093
2019-09-11,14095.7998046875,1.7330000400543213
2019-09-12,14106.400390625,1.7910000085830688
2019-09-13,13983.0,1.902999997138977
2019-09-16,13958.0,1.840999960899353
2019-09-17,14170.2998046875,1.812000036239624
2019-09-18,14126.7998046875,1.7860000133514404
2019-09-19,14126.0,1.7740000486373901
2019-09-20,14158.0,1.7549999952316284
2019-09-23,14048.0,1.7079999446868896
2019-09-24,14078.0,1.6349999904632568
2019-09-25,14177.2998046875,1.7319999933242798
2019-09-26,14211.2998046875,1.684999942779541
2019-09-27,14236.7998046875,1.6749999523162842
2019-09-30,14158.0,1.6749999523162842
2019-10-01,14219.400390625,1.6440000534057617
2019-10-02,14206.0,1.5959999561309814
2019-10-03,14188.0,1.5360000133514404
2019-10-04,14166.0,1.5149999856948853
2019-10-07,14128.0,1.5529999732971191
2019-10-08,14239.5,1.5369999408721924
2019-10-09,14210.0,1.5889999866485596
2019-10-10,14217.5,1.6579999923706055
2019-10-11,14145.0,1.7519999742507935
2019-10-14,14121.0,1.7330000400543213
2019-10-15,14168.5,1.7710000276565552
2019-10-16,14216.0,1.7480000257492065
2019-10-17,14224.0,1.7569999694824219
2019-10-18,14184.5,1.746999979019165
2019-10-21,14138.0,1.7920000553131104
2019-10-22,14102.5,1.7680000066757202
2019-10-23,14042.5,1.7589999437332153
2019-10-24,13987.0,1.7660000324249268
2019-10-25,14089.5,1.8009999990463257
2019-10-28,14028.0,1.8530000448226929
2019-10-29,14018.0,1.8350000381469727
2019-10-30,14018.0,1.7979999780654907
2019-10-31,14060.0,1.690999984741211
2019-11-01,14123.5,1.7280000448226929
2019-11-04,14014.0,1.7860000133514404
2019-11-05,14058.0,1.8660000562667847
2019-11-06,14028.5,1.8140000104904175
2019-11-07,14008.0,1.9259999990463257
2019-11-08,14013.0,1.9329999685287476
2019-11-11,14014.0390625,1.9429999589920044
2019-11-12,13997.2001953125,1.909000039100647
2019-11-13,13852.7470703125,1.8700000047683716
2019-11-14,13871.640625,1.815000057220459
2019-11-15,14078.0,1.8339999914169312
2019-11-18,13840.302734375,1.8079999685287476
2019-11-19,14139.0,1.7860000133514404
2019-11-20,14083.0,1.7380000352859497
2019-11-21,14035.2783203125,1.7719999551773071
2019-11-22,14070.0,1.7740000486373901
2019-11-25,14083.01171875,1.7640000581741333
2019-11-26,14063.748046875,1.7400000095367432
2019-11-27,14078.0,1.7669999599456787
2019-11-28,14087.1298828125,
2019-11-29,13868.66015625,1.7760000228881836
2019-12-02,13868.345703125,1.8359999656677246
2019-12-03,14123.2763671875,1.7089999914169312
2019-12-04,14098.0,1.781000018119812
2019-12-05,13994.884765625,1.7970000505447388
2019-12-06,14058.0,1.8420000076293945
2019-12-09,14022.3798828125,1.8289999961853027
2019-12-10,14004.6005859375,1.8329999446868896
2019-12-11,14021.0,1.7899999618530273
2019-12-12,13976.61328125,1.8969999551773071
2019-12-13,13933.3564453125,1.819000005722046
2019-12-16,13968.525390625,1.8919999599456787
2019-12-17,14022.5,1.8890000581741333
2019-12-18,14024.0,1.9240000247955322
2019-12-19,13966.919921875,1.9079999923706055
2019-12-20,13978.15625,1.9170000553131104
2019-12-23,13957.5810546875,1.934999942779541
2019-12-24,13955.626953125,1.909999966621399
2019-12-25,13961.0,
2019-12-26,13991.0,1.9049999713897705
2019-12-27,13977.5,1.8739999532699585
2019-12-30,13953.841796875,1.8949999809265137
2019-12-31,13919.0,1.9190000295639038
2020-01-01,13690.3720703125,
2020-01-02,13689.2314453125,1.8819999694824219
2020-01-03,13884.7861328125,1.7879999876022339
2020-01-06,13934.31640625,1.8109999895095825
2020-01-07,13926.5,1.8270000219345093
2020-01-08,13867.236328125,1.8739999532699585
2020-01-09,13886.939453125,1.8580000400543213
2020-01-10,13827.560546875,1.8250000476837158
2020-01-13,13522.4345703125,1.8480000495910645
2020-01-14,13665.3046875,1.8179999589920044
2020-01-15,13668.0400390625,1.7879999876022339
2020-01-16,13665.0966796875,1.809000015258789
2020-01-17,13623.0,1.8359999656677246
2020-01-20,13456.98828125,
2020-01-21,13615.0,1.7690000534057617
2020-01-22,13651.0,1.7690000534057617
2020-01-23,13626.38671875,1.7400000095367432
2020-01-24,13609.1884765625,1.680999994277954
2020-01-27,13711.9736328125,1.6050000190734863
2020-01-28,13213.240234375,1.6410000324249268
2020-01-29,13634.0,1.593999981880188
2020-01-30,13614.0146484375,1.5579999685287476
2020-01-31,13643.1806640625,1.5199999809265137
2020-02-03,13633.126953125,1.5199999809265137
2020-02-04,13735.5,1.6030000448226929
2020-02-05,13702.4072265625,1.6490000486373901
2020-02-06,13668.267578125,1.6440000534057617
2020-02-07,13698.0,1.5779999494552612
2020-02-10,13675.853515625,1.5470000505447388
2020-02-11,13691.58984375,1.590000033378601
2020-02-12,13657.5537109375,1.6299999952316284
2020-02-13,13500.7373046875,1.6169999837875366
2020-02-14,13695.400390625,1.5880000591278076
2020-02-17,13681.2900390625,
2020-02-18,13649.2412109375,1.555999994277954
2020-02-19,13768.0,1.5700000524520874
2020-02-20,13762.0,1.524999976158142
2020-02-21,13703.482421875,1.4709999561309814
2020-02-24,13771.486328125,1.3769999742507935
2020-02-25,13879.9296875,1.3300000429153442
2020-02-26,14056.5,1.309999942779541
2020-02-27,13931.0,1.2990000247955322
2020-02-28,14316.0,1.1269999742507935
2020-03-02,13971.9619140625,1.0880000591278076
2020-03-03,14220.0,1.0099999904632568
2020-03-04,14199.5,0.9919999837875366
2020-03-05,14256.0,0.9259999990463257
2020-03-06,14309.599609375,0.7059999704360962
2020-03-09,14251.5390625,0.49900001287460327
2020-03-10,14094.818359375,0.7480000257492065
2020-03-11,14272.900390625,0.8199999928474426
2020-03-12,14526.0,0.8489999771118164
2020-03-13,14850.0,0.9509999752044678
2020-03-16,14635.0224609375,0.7279999852180481
2020-03-17,15192.0,0.996999979019165
2020-03-18,14955.7880859375,1.2660000324249268
2020-03-19,15474.5,1.11899995803833
2020-03-20,15908.0,0.9380000233650208
2020-03-23,15766.2470703125,0.7639999985694885
2020-03-24,16504.80078125,0.8159999847412109
2020-03-25,16216.5,0.8579999804496765
2020-03-26,16447.720703125,0.8109999895095825
2020-03-27,16218.63671875,0.7490000128746033
2020-03-30,16005.3349609375,0.6700000166893005
2020-03-31,16346.9619140625,0.6980000138282776
2020-04-01,16277.943359375,0.6349999904632568
2020-04-02,16412.80859375,0.6269999742507935
2020-04-03,16441.263671875,0.5870000123977661
2020-04-06,16418.0,0.6759999990463257
2020-04-07,16364.6484375,0.7360000014305115
2020-04-08,16225.0,0.7639999985694885
2020-04-09,16159.376953125,0.7289999723434448
2020-04-10,15811.9677734375,
2020-04-13,15800.0,0.7490000128746033
2020-04-14,15751.0,0.7519999742507935
2020-04-15,15578.3466796875,0.6380000114440918
2020-04-16,15887.5,0.609000027179718
2020-04-17,15568.3388671875,0.6539999842643738
2020-04-20,15423.0,0.6259999871253967
2020-04-21,15377.080078125,0.5709999799728394
2020-04-22,15394.6787109375,0.6190000176429749
2020-04-23,15408.6220703125,0.6129999756813049
2020-04-24,15665.0,0.5960000157356262
2020-04-27,15348.744140625,0.656000018119812
2020-04-28,15312.3857421875,0.6100000143051147
2020-04-29,15364.5947265625,0.6269999742507935
2020-04-30,15234.63671875,0.621999979019165
2020-05-01,15249.0,0.6420000195503235
2020-05-04,14671.0,0.6370000243186951
2020-05-05,15044.0,0.6570000052452087
2020-05-06,15335.0,0.7110000252723694
2020-05-07,14998.33203125,0.6309999823570251
2020-05-08,15227.0,0.6819999814033508
2020-05-11,14721.3984375,0.7260000109672546
2020-05-12,14848.7001953125,0.6779999732971191
2020-05-13,14994.0,0.6489999890327454
2020-05-14,14846.873046875,0.6190000176429749
2020-05-15,14810.1201171875,0.6399999856948853
2020-05-18,14853.0,0.7440000176429749
2020-05-19,14878.0,0.7110000252723694
2020-05-20,14748.447265625,0.6800000071525574
2020-05-21,14771.0,0.6769999861717224
2020-05-22,14826.0,0.6570000052452087
2020-05-25,14703.0,
2020-05-26,14501.7578125,0.6980000138282776
2020-05-27,14850.0,0.6800000071525574
2020-05-28,14888.5,0.7049999833106995
2020-05-29,14825.0,0.6480000019073486
2020-06-01,14603.0,0.6620000004768372
2020-06-02,14573.5,0.6800000071525574
2020-06-03,14343.8232421875,0.7609999775886536
2020-06-04,14130.0,0.8199999928474426
2020-06-05,14085.447265625,0.9039999842643738
2020-06-08,13863.0,0.8840000033378601
2020-06-09,14070.7998046875,0.8289999961853027
2020-06-10,13852.103515625,0.7480000257492065
2020-06-11,13947.443359375,0.652999997138977
2020-06-12,14475.0,0.6990000009536743
2020-06-15,14118.0,0.7020000219345093
2020-06-16,13988.119140625,0.7559999823570251
2020-06-17,14275.0,0.7329999804496765
2020-06-18,14102.7353515625,0.6940000057220459
2020-06-19,13997.6923828125,0.6970000267028809
2020-06-22,14093.0,0.7039999961853027
2020-06-23,14080.134765625,0.7089999914169312
2020-06-24,14113.177734375,0.6840000152587891
2020-06-25,14289.2998046875,0.6740000247955322
2020-06-26,14376.2001953125,0.6359999775886536
2020-06-29,14213.0,0.6359999775886536
2020-06-30,14470.2001953125,0.652999997138977
2020-07-01,14194.05078125,0.6819999814033508
2020-07-02,14187.8583984375,0.6690000295639038
2020-07-03,14298.779296875,
2020-07-06,14503.0,0.6840000152587891
2020-07-07,14206.5087890625,0.6499999761581421
2020-07-08,14483.5,0.652999997138977
2020-07-09,14349.5654296875,0.6050000190734863
2020-07-10,14545.7001953125,0.6330000162124634
2020-07-13,14428.0,0.6399999856948853
2020-07-14,14584.0,0.6150000095367432
2020-07-15,14715.400390625,0.6299999952316284
2020-07-16,14561.171875,0.6119999885559082
2020-07-17,14552.2099609375,0.628000020980835
2020-07-20,14688.0,0.6200000047683716
2020-07-21,14949.2998046875,0.6069999933242798
2020-07-22,14626.8623046875,0.5950000286102295
2020-07-23,14630.0,0.5820000171661377
2020-07-24,14578.904296875,0.5889999866485596
2020-07-27,14603.0,0.609000027179718
2020-07-28,14614.5,0.5809999704360962
2020-07-29,14633.5,0.5789999961853027
2020-07-30,14458.3447265625,0.5410000085830688
2020-07-31,14486.6689453125,0.5360000133514404
2020-08-03,14593.0,0.5630000233650208
2020-08-04,14540.9208984375,0.5149999856948853
2020-08-05,14720.0,0.5429999828338623
2020-08-06,14307.642578125,0.5360000133514404
2020-08-07,14568.45703125,0.5619999766349792
2020-08-10,14618.0,0.5740000009536743
2020-08-11,14823.7998046875,0.6579999923706055
2020-08-12,14858.5,0.6700000166893005
2020-08-13,14670.8095703125,0.7160000205039978
2020-08-14,14673.4970703125,0.7089999914169312
2020-08-17,14788.0,0.6830000281333923
2020-08-18,14969.400390625,0.6690000295639038
2020-08-19,14598.072265625,0.675000011920929
2020-08-20,14694.197265625,0.6439999938011169
2020-08-21,14543.412109375,0.6399999856948853
2020-08-24,14764.0,0.6460000276565552
2020-08-25,14629.400390625,0.6819999814033508
2020-08-26,14607.7001953125,0.6869999766349792
2020-08-27,14447.3828125,0.7459999918937683
2020-08-28,14446.00390625,0.7289999723434448
2020-08-31,14618.0,0.6930000185966492
2020-09-01,14599.7001953125,0.671999990940094
2020-09-02,14818.599609375,0.6510000228881836
2020-09-03,14565.1474609375,0.621999979019165
2020-09-04,14545.9873046875,0.7210000157356262
2020-09-07,14741.0,
2020-09-08,14795.0,0.6840000152587891
2020-09-09,14915.2001953125,0.703000009059906
2020-09-10,14874.2001953125,0.6850000023841858
2020-09-11,14857.470703125,0.6690000295639038
2020-09-14,14883.0,0.6710000038146973
2020-09-15,14983.5,0.6790000200271606
2020-09-16,14869.599609375,0.6869999766349792
2020-09-17,14812.5869140625,0.6840000152587891
2020-09-18,14788.0,0.6940000057220459
2020-09-21,14728.0,0.6710000038146973
2020-09-22,14839.2001953125,0.6639999747276306
2020-09-23,14742.5859375,0.6759999990463257
2020-09-24,14803.9853515625,0.6660000085830688
2020-09-25,14839.578125,0.6589999794960022
2020-09-28,14863.0,0.6629999876022339
2020-09-29,14893.599609375,0.6449999809265137
2020-09-30,14910.0,0.6769999861717224
2020-10-01,14879.0,0.6769999861717224
2020-10-02,14817.55859375,0.6959999799728394
2020-10-05,14853.0,0.7620000243186951
2020-10-06,14780.1826171875,0.7419999837875366
2020-10-07,14773.0,0.7850000262260437
2020-10-08,14715.5,0.7649999856948853
2020-10-09,14676.99609375,0.7749999761581421
2020-10-12,14693.0,0.7770000100135803
2020-10-13,14484.9921875,0.7269999980926514
2020-10-14,14793.0,0.722000002861023
2020-10-15,14681.462890625,0.7310000061988831
2020-10-16,14652.5,0.7440000176429749
2020-10-19,14693.0,0.7609999775886536
2020-10-20,14708.0,0.796999990940094
2020-10-21,14688.0,0.8159999847412109
2020-10-22,14639.775390625,0.8479999899864197
2020-10-23,14639.8525390625,0.8410000205039978
2020-10-26,14642.7822265625,0.8009999990463257
2020-10-27,14724.2001953125,0.777999997138977
2020-10-28,14653.2744140625,0.781000018119812
2020-10-29,14777.2001953125,0.8349999785423279
2020-10-30,14818.0,0.8600000143051147
2020-11-02,14586.169921875,0.8489999771118164
2020-11-03,14603.9580078125,0.8820000290870667
2020-11-04,14540.892578125,0.7680000066757202
2020-11-05,14360.0,0.7760000228881836
2020-11-06,14256.0,0.8199999928474426
2020-11-09,14198.671875,0.9580000042915344
2020-11-10,14256.3603515625,0.972000002861023
2020-11-11,14041.544921875,0.9580000042915344
2020-11-12,13878.9892578125,0.8849999904632568
2020-11-13,14133.4912109375,0.8930000066757202
2020-11-16,14135.5595703125,0.906000018119812
2020-11-17,14089.2001953125,0.871999979019165
2020-11-18,14026.451171875,0.8820000290870667
2020-11-19,14110.2001953125,0.8539999723434448
2020-11-20,14189.900390625,0.8289999961853027
2020-11-23,14150.9912109375,0.8569999933242798
2020-11-24,14164.60546875,0.8820000290870667
2020-11-25,14121.7998046875,0.878000020980835
2020-11-26,14127.470703125,
2020-11-27,13897.6689453125,0.8420000076293945
2020-11-30,14061.64453125,0.843999981880188
2020-12-01,14094.935546875,0.9340000152587891
2020-12-02,14175.0,0.9480000138282776
2020-12-03,14076.419921875,0.9200000166893005
2020-12-04,14092.798828125,0.968999981880188
2020-12-07,14076.490234375,0.9279999732971191
2020-12-08,14143.0,0.9129999876022339
2020-12-09,14083.0107421875,0.9409999847412109
2020-12-10,14150.0,0.9079999923706055
2020-12-11,14082.5927734375,0.8930000066757202
2020-12-14,14069.1572265625,0.8920000195503235
2020-12-15,14221.900390625,0.9229999780654907
2020-12-16,14190.0,0.9200000166893005
2020-12-17,14070.537109375,0.9300000071525574
2020-12-18,14083.8505859375,0.9480000138282776
2020-12-21,14068.9375,0.9409999847412109
2020-12-22,14100.7314453125,0.9179999828338623
2020-12-23,14324.2001953125,0.9549999833106995
2020-12-24,14146.9013671875,0.9279999732971191
2020-12-25,14148.6435546875,
2020-12-28,13911.1435546875,0.9330000281333923
2020-12-29,14126.1201171875,0.9350000023841858
2020-12-30,14069.9091796875,0.9259999990463257
2020-12-31,13832.5595703125,0.9169999957084656
2021-01-01,13932.3740234375,
2021-01-04,14022.5009765625,0.9169999957084656
2021-01-05,13931.400390625,0.9549999833106995
2021-01-06,13930.0,1.0420000553131104
2021-01-07,13951.5,1.0709999799728394
2021-01-08,13892.9775390625,1.1050000190734863
2021-01-11,13861.392578125,1.1319999694824219
2021-01-12,14088.7353515625,1.1380000114440918
2021-01-13,14031.078125,1.0880000591278076
2021-01-14,14166.0,1.128999948501587
2021-01-15,14063.1474609375,1.097000002861023
2021-01-18,13880.779296875,
2021-01-19,14100.7998046875,1.0920000076293945
2021-01-20,14122.0,1.090000033378601
2021-01-21,14037.2001953125,1.1089999675750732
2021-01-22,13960.76171875,1.090999960899353
2021-01-25,14012.8955078125,1.0399999618530273
2021-01-26,14148.5,1.0399999618530273
2021-01-27,14142.0,1.0140000581741333
2021-01-28,14195.0,1.0570000410079956
2021-01-29,13854.8642578125,1.093000054359436
2021-02-01,13828.13671875,1.0770000219345093
2021-02-02,14118.5,1.1050000190734863
2021-02-03,13995.53515625,1.13100004196167
2021-02-04,13983.9521484375,1.1390000581741333
2021-02-05,14010.4736328125,1.1699999570846558
2021-02-08,14001.103515625,1.159999966621399
2021-02-09,13990.4599609375,1.156999945640564
2021-02-10,13989.1884765625,1.1330000162124634
2021-02-11,14027.0,1.1579999923706055
2021-02-12,13976.240234375,1.2000000476837158
2021-02-15,13966.0,
2021-02-16,13907.0,1.2990000247955322
2021-02-17,14039.2001953125,1.3009999990463257
2021-02-18,14007.474609375,1.2869999408721924
2021-02-19,13998.1982421875,1.3450000286102295
2021-02-22,13898.4169921875,1.3700000047683716
2021-02-23,14107.6962890625,1.3619999885559082
2021-02-24,14081.6171875,1.3890000581741333
2021-02-25,14097.7998046875,1.5180000066757202
2021-02-26,13968.185546875,1.4600000381469727
2021-03-01,14110.5849609375,1.4459999799728394
2021-03-02,14245.6201171875,1.4149999618530273
2021-03-03,14239.181640625,1.4700000286102295
2021-03-04,14349.0,1.5499999523162842
2021-03-05,14268.8798828125,1.5540000200271606
2021-03-08,14287.392578125,1.5959999561309814
2021-03-09,14344.4755859375,1.5460000038146973
2021-03-10,14393.0,1.5199999809265137
2021-03-11,14398.0,1.5269999504089355
2021-03-12,14283.900390625,1.6349999904632568
2021-03-15,14385.208984375,1.6069999933242798
2021-03-16,14464.0,1.621000051498413
2021-03-17,14427.5,1.6410000324249268
2021-03-18,14403.0,1.7300000190734863
2021-03-19,14431.0,1.7319999933242798
2021-03-22,14372.2001953125,1.684000015258789
2021-03-23,14375.7998046875,1.6380000114440918
2021-03-24,14505.5,1.6139999628067017
2021-03-25,14460.0,1.6139999628067017
2021-03-26,14456.400390625,1.659999966621399
2021-03-29,14411.0,1.7209999561309814
2021-03-30,14511.7001953125,1.7259999513626099
2021-03-31,14605.0,1.746000051498413
2021-04-01,14606.0,1.6790000200271606
2021-04-02,14553.0,
2021-04-05,14518.0,1.7200000286102295
2021-04-06,14529.2001953125,1.656000018119812
2021-04-07,14460.2998046875,1.652999997138977
2021-04-08,14641.0,1.6319999694824219
2021-04-09,14660.7001953125,1.6660000085830688
2021-04-12,14558.0,1.6749999523162842
2021-04-13,14611.900390625,1.6230000257492065
2021-04-14,14621.099609375,1.6380000114440918
2021-04-15,14673.7998046875,1.5299999713897705
2021-04-16,14616.0,1.5729999542236328
2021-04-19,14558.0,1.6009999513626099
2021-04-20,14570.0,1.562000036239624
2021-04-21,14543.2001953125,1.5640000104904175
2021-04-22,14564.2001953125,1.5540000200271606
2021-04-23,14606.599609375,1.5670000314712524
2021-04-26,14518.0,1.5700000524520874
2021-04-27,14459.599609375,1.621999979019165
2021-04-28,14516.400390625,1.6200000047683716
2021-04-29,14519.0,1.6399999856948853
2021-04-30,14439.7001953125,1.63100004196167
2021-05-03,14438.0,1.6069999933242798
2021-05-04,14399.099609375,1.5920000076293945
2021-05-05,14482.5,1.5839999914169312
2021-05-06,14399.5,1.5609999895095825
2021-05-07,14283.7998046875,1.5770000219345093
2021-05-10,14278.0,1.6019999980926514
2021-05-11,14189.599609375,1.6239999532699585
2021-05-12,14220.0,1.6950000524520874
2021-05-13,14347.0,1.6679999828338623
2021-05-14,14300.2998046875,1.6349999904632568
2021-05-17,14191.0,1.6399999856948853
2021-05-18,14344.5,1.6419999599456787
2021-05-19,14362.2998046875,1.6829999685287476
2021-05-20,14389.7001953125,1.6339999437332153
2021-05-21,14397.2998046875,1.6319999694824219
2021-05-24,14348.0,1.6080000400543213
2021-05-25,14365.0,1.5640000104904175
2021-05-26,14371.400390625,1.5740000009536743
2021-05-27,14310.0,1.6100000143051147
2021-05-28,14318.0,1.5809999704360962
2021-05-31,14278.0,
2021-06-01,14247.5,1.6150000095367432
2021-06-02,14251.5,1.590999960899353
2021-06-03,14290.7001953125,1.625
2021-06-04,14360.0,1.559999942779541
2021-06-07,14288.0,1.569000005722046
2021-06-08,14246.5,1.527999997138977
2021-06-09,14281.0,1.4889999628067017
2021-06-10,14300.0,1.4589999914169312
2021-06-11,14248.5,1.4620000123977661
2021-06-14,14182.0,1.5010000467300415
2021-06-15,14267.5,1.4989999532699585
2021-06-16,14280.2998046875,1.569000005722046
2021-06-17,14466.5,1.5110000371932983
2021-06-18,14554.7001953125,1.4500000476837158
2021-06-21,14368.0,1.4839999675750732
2021-06-22,14388.7998046875,1.472000002861023
2021-06-23,14495.0,1.4869999885559082
2021-06-24,14413.2998046875,1.4869999885559082
2021-06-25,14511.2001953125,1.5360000133514404
2021-06-28,14418.0,1.4780000448226929
2021-06-29,14525.0,1.4800000190734863
2021-06-30,14629.099609375,1.4429999589920044
2021-07-01,14601.599609375,1.4800000190734863
2021-07-02,14581.400390625,1.430999994277954
2021-07-05,14526.0,
2021-07-06,14495.0,1.3700000047683716
2021-07-07,14568.7001953125,1.3209999799728394
2021-07-08,14569.2001953125,1.2879999876022339
2021-07-09,14618.7001953125,1.3559999465942383
2021-07-12,14521.0,1.3630000352859497
2021-07-13,14558.5,1.4149999618530273
2021-07-14,14542.099609375,1.3559999465942383
2021-07-15,14473.0,1.2970000505447388
2021-07-16,14563.0,1.2999999523162842
2021-07-19,14491.0,1.180999994277954
2021-07-20,14664.5,1.2089999914169312
2021-07-21,14620.0,1.2799999713897705
2021-07-22,14536.0,1.2649999856948853
2021-07-23,14548.7001953125,1.2860000133514404
2021-07-26,14486.0,1.2760000228881836
2021-07-27,14523.5,1.2339999675750732
2021-07-28,14554.0,1.2610000371932983
2021-07-29,14462.599609375,1.2690000534057617
2021-07-30,14450.0,1.2389999628067017
2021-08-02,14456.0,1.1740000247955322
2021-08-03,14397.400390625,1.1759999990463257
2021-08-04,14349.5,1.184000015258789
2021-08-05,14338.599609375,1.2170000076293945
2021-08-06,14385.5,1.2899999618530273
2021-08-09,14346.0,1.3170000314712524
2021-08-10,14402.099609375,1.3420000076293945
2021-08-11,14393.099609375,1.3289999961853027
2021-08-12,14395.0,1.3669999837875366
2021-08-13,14341.0,1.2970000505447388
2021-08-16,14381.0,1.2569999694824219
2021-08-17,14363.0,1.2580000162124634
2021-08-18,14425.099609375,1.2730000019073486
2021-08-19,14454.2001953125,1.2419999837875366
2021-08-20,14493.400390625,1.2599999904632568
2021-08-23,14446.0,1.2549999952316284
2021-08-24,14430.0,1.2899999618530273
2021-08-25,14448.7001953125,1.3420000076293945
2021-08-26,14465.7001953125,1.3420000076293945
2021-08-27,14449.2998046875,1.312000036239624
2021-08-30,14411.0,1.284999966621399
2021-08-31,14362.0,1.3040000200271606
2021-09-01,14246.5,1.3020000457763672
2021-09-02,14269.2001953125,1.2940000295639038
2021-09-03,14245.5,1.3220000267028809
2021-09-06,14256.0,
2021-09-07,14231.400390625,1.3700000047683716
2021-09-08,14279.2001953125,1.3339999914169312
2021-09-09,14326.400390625,1.2990000247955322
2021-09-10,14258.7998046875,1.340999960899353
2021-09-13,14196.0,1.3240000009536743
2021-09-14,14291.599609375,1.2769999504089355
2021-09-15,14249.7001953125,1.3040000200271606
2021-09-16,14264.5,1.3309999704360962
2021-09-17,14283.900390625,1.3700000047683716
2021-09-20,14221.0,1.309000015258789
2021-09-21,14320.5,1.3240000009536743
2021-09-22,14237.5,1.3359999656677246
2021-09-23,14279.2001953125,1.409999966621399
2021-09-24,14286.5,1.4600000381469727
2021-09-27,14251.0,1.4839999675750732
2021-09-28,14242.5,1.534000039100647
2021-09-29,14318.599609375,1.5410000085830688
2021-09-30,14385.0,1.5290000438690186
2021-10-01,14328.599609375,1.4789999723434448
2021-10-04,14301.0,1.4809999465942383
2021-10-05,14300.5,1.5290000438690186
2021-10-06,14246.0,1.5240000486373901
2021-10-07,14232.400390625,1.5709999799728394
2021-10-08,14170.7998046875,1.6050000190734863
2021-10-11,14216.0,1.6139999628067017
2021-10-12,14194.0,1.5800000429153442
2021-10-13,14221.2001953125,1.5490000247955322
2021-10-14,14219.7001953125,1.5190000534057617
2021-10-15,14078.5,1.5759999752044678
2021-10-18,14067.0,1.5839999914169312
2021-10-19,14157.2001953125,1.6349999904632568
2021-10-20,14116.7998046875,1.6360000371932983
2021-10-21,14119.7998046875,1.6759999990463257
2021-10-22,14175.0,1.6549999713897705
2021-10-25,14116.0,1.6349999904632568
2021-10-26,14193.5,1.61899995803833
2021-10-27,14175.7001953125,1.5290000438690186
2021-10-28,14217.099609375,1.5679999589920044
2021-10-29,14229.0,1.5570000410079956
2021-11-01,14228.5,1.5750000476837158
2021-11-02,14276.599609375,1.5490000247955322
2021-11-03,14289.900390625,1.5789999961853027
2021-11-04,14366.0,1.5240000486373901
2021-11-05,14414.0,1.4529999494552612
2021-11-08,14319.7998046875,1.496999979019165
2021-11-09,14252.0,1.4320000410079956
2021-11-10,14290.0,1.559999942779541
2021-11-11,14302.400390625,1.559999942779541
2021-11-12,14261.7001953125,1.5820000171661377
2021-11-15,14186.7001953125,1.6230000257492065
2021-11-16,14185.400390625,1.6339999437332153
2021-11-17,14274.2001953125,1.6039999723434448
2021-11-18,14223.7998046875,1.5889999866485596
2021-11-19,14204.7001953125,1.5360000133514404
2021-11-22,14265.099609375,1.625
2021-11-23,14259.599609375,1.6670000553131104
2021-11-24,14272.5,1.6449999809265137
2021-11-25,14303.400390625,
2021-11-26,14320.0,1.4819999933242798
2021-11-29,14408.2001953125,1.5299999713897705
2021-11-30,14377.0,1.4429999589920044
2021-12-01,14333.0,1.434000015258789
2021-12-02,14376.0,1.4479999542236328
2021-12-03,14443.7998046875,1.343000054359436
2021-12-06,14514.0,1.434000015258789
2021-12-07,14490.0,1.4800000190734863
2021-12-08,14393.2998046875,1.5089999437332153
2021-12-09,14335.0,1.4869999885559082
2021-12-10,14297.400390625,1.4889999628067017
2021-12-13,14351.900390625,1.4240000247955322
2021-12-14,14324.7001953125,1.437999963760376
2021-12-15,14342.5,1.4630000591278076
2021-12-16,14297.5,1.4220000505447388
2021-12-17,14380.0,1.4019999504089355
2021-12-20,14385.7001953125,1.4190000295639038
2021-12-21,14388.7001953125,1.4869999885559082
2021-12-22,14263.900390625,1.4570000171661377
2021-12-23,14193.7998046875,1.4930000305175781
2021-12-24,14167.7998046875,
2021-12-27,14189.2998046875,1.4809999465942383
2021-12-28,14220.0,1.4809999465942383
2021-12-29,14238.2001953125,1.5429999828338623
2021-12-30,14237.0,1.5149999856948853
2021-12-31,14285.2001953125,1.5119999647140503
2022-01-03,14215.0,1.628000020980835
2022-01-04,14283.599609375,1.6679999828338623
2022-01-05,14385.5,1.7050000429153442
2022-01-06,14446.5,1.7330000400543213
2022-01-07,14408.0,1.7710000276565552
2022-01-10,14318.5,1.7799999713897705
2022-01-11,14313.0,1.746000051498413
2022-01-12,14277.0,1.725000023841858
2022-01-13,14298.900390625,1.7109999656677246
2022-01-14,14276.0,1.7719999551773071
2022-01-17,14314.5,
2022-01-18,14349.7001953125,1.8650000095367432
2022-01-19,14382.2998046875,1.8270000219345093
2022-01-20,14362.7998046875,1.8329999446868896
2022-01-21,14343.0,1.746999979019165
2022-01-24,14329.7001953125,1.7350000143051147
2022-01-25,14365.0,1.7829999923706055
2022-01-26,14330.5,1.8480000495910645
2022-01-27,14366.400390625,1.8070000410079956
2022-01-28,14389.2001953125,1.781999945640564
2022-01-31,14381.599609375,1.781999945640564
2022-02-01,14350.0,1.7999999523162842
2022-02-02,14322.2998046875,1.7660000324249268
2022-02-03,14363.7998046875,1.8270000219345093
2022-02-04,14377.0,1.9299999475479126
2022-02-07,14400.400390625,1.9160000085830688
2022-02-08,14405.599609375,1.9539999961853027
2022-02-09,14379.5,1.9290000200271606
2022-02-10,14334.2001953125,2.0309998989105225
2022-02-11,14328.0,1.9550000429153442
2022-02-14,14344.7001953125,1.996000051498413
2022-02-15,14303.0,2.0450000762939453
2022-02-16,14260.599609375,2.046999931335449
2022-02-17,14274.400390625,1.972000002861023
2022-02-18,14348.0,1.9320000410079956
2022-02-21,14365.900390625,
2022-02-22,14355.0,1.9479999542236328
2022-02-23,14395.0,1.9769999980926514
2022-02-24,14365.0,1.968999981880188
2022-02-25,14452.5,1.9859999418258667
2022-02-28,14334.2001953125,1.8389999866485596
2022-03-01,14360.0,1.7070000171661377
2022-03-02,14425.0,1.8650000095367432
2022-03-03,14387.5,1.843999981880188
2022-03-04,14358.400390625,1.7239999771118164
2022-03-07,14381.7001953125,1.7510000467300415
2022-03-08,14406.400390625,1.871999979019165
2022-03-09,14362.7001953125,1.9479999542236328
2022-03-10,14251.0,2.010999917984009
2022-03-11,14275.0,2.003999948501587
2022-03-14,14325.5,2.140000104904175
2022-03-15,14347.5,2.1600000858306885
2022-03-16,14305.2998046875,2.187999963760376
2022-03-17,14263.5,2.191999912261963
2022-03-18,14326.0,2.1480000019073486
2022-03-21,14342.2998046875,2.315000057220459
2022-03-22,14345.0,2.372999906539917
2022-03-23,14345.5,2.321000099182129
2022-03-24,14389.0,2.3410000801086426
2022-03-25,14337.099609375,2.492000102996826
2022-03-28,14334.0,2.4769999980926514
2022-03-29,14373.0,2.4000000953674316
2022-03-30,14334.0,2.3580000400543213
2022-03-31,14327.5,2.3269999027252197
2022-04-01,14351.0,2.377000093460083
2022-04-04,14361.0,2.4119999408721924
2022-04-05,14322.2998046875,2.555999994277954
2022-04-06,14365.5,2.6089999675750732
2022-04-07,14382.0,2.6519999504089355
2022-04-08,14385.0,2.7130000591278076
2022-04-11,14355.0,2.7799999713897705
2022-04-12,14360.7001953125,2.7249999046325684
2022-04-13,14364.2001953125,2.687000036239624
2022-04-14,14360.2001953125,2.828000068664551
2022-04-15,14383.900390625,
2022-04-18,14337.0,2.861999988555908
2022-04-19,14353.7998046875,2.9130001068115234
2022-04-20,14364.900390625,2.8399999141693115
2022-04-21,14351.0,2.9170000553131104
2022-04-22,14382.0,2.9059998989105225
2022-04-25,14350.0,2.8259999752044678
2022-04-26,14478.0,2.7720000743865967
2022-04-27,14466.0,2.818000078201294
2022-04-28,14447.5,2.86299991607666
2022-04-29,14502.0,2.88700008392334
2022-05-02,14490.0,2.996000051498413
2022-05-03,14522.599609375,2.9600000381469727
2022-05-04,14491.0,2.9170000553131104
2022-05-05,14425.0,3.065999984741211
2022-05-06,14458.7001953125,3.122999906539917
2022-05-09,14490.0,3.0789999961853027
2022-05-10,14552.2001953125,2.993000030517578
2022-05-11,14520.7998046875,2.9210000038146973
2022-05-12,14543.400390625,2.816999912261963
2022-05-13,14632.099609375,2.934999942779541
2022-05-16,14606.0,2.877000093460083
2022-05-17,14645.0,2.9679999351501465
2022-05-18,14630.599609375,2.885999917984009
2022-05-19,14740.0,2.8550000190734863
2022-05-20,14626.7998046875,2.7869999408721924
2022-05-23,14645.0,2.8589999675750732
2022-05-24,14619.2001953125,2.759999990463257
2022-05-25,14635.7998046875,2.749000072479248
2022-05-26,14597.0,2.75600004196167
2022-05-27,14584.2001953125,2.743000030517578
2022-05-30,14570.0,
2022-05-31,14538.400390625,2.8440001010894775
2022-06-01,14543.900390625,2.930999994277954
2022-06-02,14531.5,2.9130001068115234
2022-06-03,14426.7998046875,2.9570000171661377
2022-06-06,14431.0,3.0380001068115234
2022-06-07,14435.2001953125,2.9719998836517334
2022-06-08,14458.7998046875,3.0290000438690186
2022-06-09,14495.2998046875,3.0439999103546143
2022-06-10,14611.7998046875,3.1559998989105225
2022-06-13,14546.0,3.365999937057495
2022-06-14,14795.0,3.4830000400543213
2022-06-15,14740.7998046875,3.3949999809265137
2022-06-16,14681.0,3.306999921798706
2022-06-17,14776.099609375,3.239000082015991
2022-06-20,14816.0,
2022-06-21,14827.7001953125,3.306999921798706
2022-06-22,14831.7001953125,3.1559998989105225
2022-06-23,14843.0,3.068000078201294
2022-06-24,14841.7998046875,3.125
2022-06-27,14841.0,3.194000005722046
2022-06-28,14791.0,3.2060000896453857
2022-06-29,14857.0,3.0929999351501465
2022-06-30,14877.0,2.9719998836517334
2022-07-01,14921.900390625,2.8889999389648438
2022-07-04,14931.0,
2022-07-05,15008.0,2.809000015258789
2022-07-06,15037.0,2.9130001068115234
2022-07-07,15010.0,3.007999897003174
2022-07-08,14964.599609375,3.1010000705718994
2022-07-11,14970.0,2.990999937057495
2022-07-12,14989.099609375,2.9579999446868896
2022-07-13,15010.0,2.9040000438690186
2022-07-14,15030.400390625,2.9600000381469727
2022-07-15,15037.099609375,2.930000066757202
2022-07-18,14986.0,2.9600000381469727
2022-07-19,14977.0,3.0190000534057617
2022-07-20,14960.7998046875,3.0360000133514404
2022-07-21,15022.0,2.9100000858306885
2022-07-22,15004.2001953125,2.7829999923706055
2022-07-25,15011.0,2.819999933242798
2022-07-26,14978.0,2.7869999408721924
2022-07-27,14982.7998046875,2.7339999675750732
2022-07-28,14914.2001953125,2.680999994277954
2022-07-29,14849.099609375,2.6419999599456787
2022-08-01,14826.0,2.6059999465942383
2022-08-02,14838.0,2.740999937057495
2022-08-03,14890.099609375,2.747999906539917
2022-08-04,14900.0,2.6760001182556152
2022-08-05,14884.7001953125,2.8399999141693115
2022-08-08,14886.0,2.765000104904175
2022-08-09,14831.2001953125,2.796999931335449
2022-08-10,14856.7001953125,2.7860000133514404
2022-08-11,14756.900390625,2.888000011444092
2022-08-12,14724.2001953125,2.8489999771118164
2022-08-15,14661.0,2.7909998893737793
2022-08-16,14776.400390625,2.8239998817443848
2022-08-17,14747.099609375,2.8929998874664307
2022-08-18,14764.099609375,2.880000114440918
2022-08-19,14845.7001953125,2.989000082015991
2022-08-22,14831.0,3.0369999408721924
2022-08-23,14933.5,3.053999900817871
2022-08-24,14850.0,3.1059999465942383
2022-08-25,14845.0,3.0260000228881836
2022-08-26,14773.0,3.0350000858306885
2022-08-29,14811.0,3.109999895095825
2022-08-30,14895.0,3.109999895095825
2022-08-31,14850.0,3.132999897003174
2022-09-01,14855.0,3.265000104904175
2022-09-02,14902.099609375,3.193000078201294
2022-09-05,14890.0,
2022-09-06,14882.2998046875,3.3399999141693115
2022-09-07,14904.0,3.265000104904175
2022-09-08,14865.2998046875,3.2920000553131104
2022-09-09,14892.2998046875,3.321000099182129
2022-09-12,14823.0,3.361999988555908
2022-09-13,14858.7001953125,3.421999931335449
2022-09-14,14954.900390625,3.4119999408721924
2022-09-15,14915.0,3.4590001106262207
2022-09-16,14933.599609375,3.447999954223633
2022-09-19,14946.0,3.490000009536743
2022-09-20,14985.7998046875,3.571000099182129
2022-09-21,15008.599609375,3.509999990463257
2022-09-22,15019.0,3.7079999446868896
2022-09-23,15026.599609375,3.697000026702881
2022-09-26,15031.0,3.878000020980835
2022-09-27,15204.0,3.9639999866485596
2022-09-28,15167.2001953125,3.7049999237060547
2022-09-29,15175.2998046875,3.746999979019165
2022-09-30,15175.2001953125,3.803999900817871
2022-10-03,15221.0,3.6510000228881836
2022-10-04,15290.0,3.617000102996826
2022-10-05,15180.0,3.759000062942505
2022-10-06,15206.7001953125,3.8259999752044678
2022-10-07,15215.7998046875,3.882999897003174
2022-10-10,15246.0,3.888000011444092
2022-10-11,15343.0,3.938999891281128
2022-10-12,15338.5,3.9019999504089355
2022-10-13,15318.599609375,3.9519999027252197
2022-10-14,15364.0,4.010000228881836
2022-10-17,15420.0,4.014999866485596
2022-10-18,15441.400390625,3.997999906539917
2022-10-19,15466.2001953125,4.126999855041504
2022-10-20,15620.0,4.22599983215332
2022-10-21,15562.0,4.2129998207092285
2022-10-24,15626.0,4.234000205993652
2022-10-25,15586.5,4.107999801635742
2022-10-26,15549.0,4.014999866485596
2022-10-27,15502.7001953125,3.937000036239624
2022-10-28,15554.2001953125,4.010000228881836
2022-10-31,15549.2001953125,4.077000141143799
2022-11-01,15649.0,4.052000045776367
2022-11-02,15690.0,4.059000015258789
2022-11-03,15696.0,4.124000072479248
2022-11-04,15780.0,4.156000137329102
2022-11-07,15609.5,4.214000225067139
2022-11-08,15675.0,4.125999927520752
2022-11-09,15645.0,4.151000022888184
2022-11-10,15671.5,3.8289999961853027
2022-11-11,15500.0,3.812999963760376
2022-11-14,15473.900390625,3.865000009536743
2022-11-15,15530.099609375,3.7990000247955322
2022-11-16,15557.0,3.691999912261963
2022-11-17,15655.0,3.7750000953674316
2022-11-18,15720.0,3.818000078201294
2022-11-21,15629.400390625,3.825000047683716
2022-11-22,15755.0,3.757999897003174
2022-11-23,15671.0,3.7060000896453857
2022-11-24,15619.599609375,
2022-11-25,15605.0,3.690999984741211
2022-11-28,15675.099609375,3.703000068664551
2022-11-29,15746.0,3.747999906539917
2022-11-30,15726.5,3.703000068664551
2022-12-01,15634.5,3.5290000438690186
2022-12-02,15355.5,3.50600004196167
2022-12-05,15421.0,3.5989999771118164
2022-12-06,15520.2998046875,3.513000011444092
2022-12-07,15623.0,3.4079999923706055
2022-12-08,15596.0,3.490999937057495
2022-12-09,15590.0,3.566999912261963
2022-12-12,15582.0,3.6110000610351562
2022-12-13,15676.2998046875,3.500999927520752
2022-12-14,15554.7001953125,3.503000020980835
2022-12-15,15481.0,3.450000047683716
2022-12-16,15626.0,3.4820001125335693
2022-12-19,15615.900390625,3.5810000896453857
2022-12-20,15567.5,3.684000015258789
2022-12-21,15556.0,3.684000015258789
2022-12-22,15513.0,3.6689999103546143
2022-12-23,15563.0,3.750999927520752
2022-12-26,15565.900390625,
2022-12-27,15607.0,3.859999895095825
2022-12-28,15617.5,3.88700008392334
2022-12-29,15789.0,3.8350000381469727
2022-12-30,15620.0,3.878999948501587
2023-01-02,15508.7998046875,
2023-01-03,15550.0,3.7929999828338623
2023-01-04,15571.7998046875,3.7090001106262207
2023-01-05,15560.0,3.7200000286102295
2023-01-06,15620.0,3.569000005722046
2023-01-09,15602.2998046875,3.5169999599456787
2023-01-10,15580.0,3.621000051498413
2023-01-11,15528.900390625,3.553999900817871
2023-01-12,15414.0,3.4489998817443848
2023-01-13,15172.0,3.510999917984009
2023-01-16,15114.7998046875,
2023-01-17,15082.0,3.5350000858306885
2023-01-18,15162.0,3.375
2023-01-19,15096.0,3.3970000743865967
2023-01-20,15141.0,3.4839999675750732
2023-01-23,15055.900390625,3.5250000953674316
2023-01-24,15007.0,3.4690001010894775
2023-01-25,14955.5,3.4619998931884766
2023-01-26,14938.7001953125,3.493000030517578
2023-01-27,14942.5,3.5179998874664307
2023-01-30,14970.400390625,3.5510001182556152
2023-01-31,14995.0,3.5290000438690186
2023-02-01,14990.7001953125,3.3970000743865967
2023-02-02,14855.0,3.3959999084472656
2023-02-03,14881.0,3.5320000648498535
2023-02-06,15078.7998046875,3.634000062942505
2023-02-07,15200.0,3.6740000247955322
2023-02-08,15147.0,3.6530001163482666
2023-02-09,15117.0,3.683000087738037
2023-02-10,15140.0,3.74399995803833
2023-02-13,15182.2001953125,3.7170000076293945
2023-02-14,15211.0,3.760999917984009
2023-02-15,15179.0,3.809000015258789
2023-02-16,15210.0,3.8429999351501465
2023-02-17,15142.0,3.828000068664551
2023-02-20,15159.0,
2023-02-21,15162.5,3.9549999237060547
2023-02-22,15233.0,3.9230000972747803
2023-02-23,15192.0,3.878999948501587
2023-02-24,15210.0,3.9489998817443848
2023-02-27,15257.7001953125,3.921999931335449
2023-02-28,15209.0,3.9159998893737793
2023-03-01,15240.0,3.99399995803833
2023-03-02,15243.0,4.072999954223633
2023-03-03,15322.0,3.9639999866485596
2023-03-06,15255.099609375,3.9830000400543213
2023-03-07,15352.0,3.9749999046325684
2023-03-08,15437.0,3.9760000705718994
2023-03-09,15450.0,3.924999952316284
2023-03-10,15489.0,3.694999933242798
2023-03-13,15472.599609375,3.515000104904175
2023-03-14,15409.0,3.638000011444092
2023-03-15,15372.0,3.492000102996826
2023-03-16,15479.0,3.5850000381469727
2023-03-17,15422.0,3.3949999809265137
2023-03-20,15368.5,3.4809999465942383
2023-03-21,15340.0,3.6059999465942383
2023-03-22,15294.0,3.5
2023-03-23,15251.0,3.4059998989105225
2023-03-24,15047.0,3.380000114440918
2023-03-27,15148.0,3.5280001163482666
2023-03-28,15107.5,3.563999891281128
2023-03-29,15061.0,3.565999984741211
2023-03-30,15031.5,3.5510001182556152
2023-03-31,15020.0,3.49399995803833
2023-04-03,14988.0,3.430000066757202
2023-04-04,14915.0,3.3369998931884766
2023-04-05,14958.0,3.2869999408721924
2023-04-06,14956.0,3.2880001068115234
2023-04-07,14932.0,
2023-04-10,14906.0,3.4149999618530273
2023-04-11,14955.0,3.434000015258789
2023-04-12,14913.0,3.4210000038146973
2023-04-13,14823.5,3.4519999027252197
2023-04-14,14720.0,3.5220000743865967
2023-04-17,14693.0,3.5910000801086426
2023-04-18,14860.0,3.572000026702881
2023-04-19,14890.0,3.6019999980926514
2023-04-20,15006.0,3.5450000762939453
2023-04-21,14946.0,3.569999933242798
2023-04-24,14838.0,3.515000104904175
2023-04-25,14945.0,3.3959999084472656
2023-04-26,14935.0,3.431999921798706
2023-04-27,14841.5,3.5280001163482666
2023-04-28,14684.0,3.4519999027252197
2023-05-01,14663.0,3.5739998817443848
2023-05-02,14671.5,3.438999891281128
2023-05-03,14752.5,3.4030001163482666
2023-05-04,14680.5,3.3510000705718994
2023-05-05,14700.0,3.446000099182129
2023-05-08,14668.0,3.5209999084472656
2023-05-09,14750.0,3.5209999084472656
2023-05-10,14767.0,3.438999891281128
2023-05-11,14691.0,3.3970000743865967
2023-05-12,14770.5,3.4630000591278076
2023-05-15,14743.0,3.507999897003174
2023-05-16,14795.0,3.5490000247955322
2023-05-17,14885.0,3.5810000896453857
2023-05-18,14876.5,3.6480000019073486
2023-05-19,14916.0,3.691999912261963
2023-05-22,14918.0,3.7190001010894775
2023-05-23,14886.0,3.697999954223633
2023-05-24,14895.0,3.7190001010894775
2023-05-25,14945.900390625,3.813999891281128
2023-05-26,14970.0,3.809999942779541
2023-05-29,14948.0,
2023-05-30,14960.0,3.700000047683716
2023-05-31,14979.0,3.63700008392334
2023-06-01,14984.0,3.6080000400543213
2023-06-02,14907.0,3.690999984741211
2023-06-05,14983.0,3.693000078201294
2023-06-06,14849.5,3.6989998817443848
2023-06-07,14872.0,3.7839999198913574
2023-06-08,14889.0,3.7139999866485596
2023-06-09,14836.0,3.744999885559082
2023-06-12,14833.0,3.765000104904175
2023-06-13,14871.5,3.8389999866485596
2023-06-14,14869.0,3.7960000038146973
2023-06-15,14909.0,3.7279999256134033
2023-06-16,14897.0,3.7690000534057617
2023-06-19,14928.0,
2023-06-20,15008.0,3.7290000915527344
2023-06-21,15016.0,3.7230000495910645
2023-06-22,14943.0,3.7990000247955322
2023-06-23,14935.0,3.739000082015991
2023-06-26,14987.0,3.7190001010894775
2023-06-27,15039.0,3.7679998874664307
2023-06-28,14982.5,3.7100000381469727
2023-06-29,14981.0,3.8540000915527344
2023-06-30,15064.0,3.819000005722046
2023-07-03,14986.0,3.8580000400543213
2023-07-04,15056.0,
2023-07-05,15010.0,3.944999933242798
2023-07-06,15077.0,4.040999889373779
2023-07-07,15189.2998046875,4.050000190734863
2023-07-10,15128.0,4.00600004196167
2023-07-11,15216.0,3.9800000190734863
2023-07-12,15156.7998046875,3.8610000610351562
2023-07-13,14928.0,3.760999917984009
2023-07-14,14954.0,3.819000005722046
2023-07-17,14951.0,3.796999931335449
2023-07-18,14982.5,3.7890000343322754
2023-07-19,14986.0,3.742000102996826
2023-07-20,14992.0,3.8540000915527344
2023-07-21,15051.5,3.8369998931884766
2023-07-24,15018.0,3.8570001125335693
2023-07-25,15021.5,3.9119999408721924
2023-07-26,15032.0,3.8510000705718994
2023-07-27,15007.0,4.01200008392334
2023-07-28,15095.0,3.9690001010894775
2023-07-31,15088.0,3.9590001106262207
2023-08-01,15104.0,4.051000118255615
2023-08-02,15131.0,4.078000068664551
2023-08-03,15220.0,4.189000129699707
2023-08-04,15161.0,4.059999942779541
2023-08-07,15163.0,4.078000068664551
2023-08-08,15232.0,4.026000022888184
2023-08-09,15207.2001953125,4.01200008392334
2023-08-10,15207.0,4.079999923706055
2023-08-11,15259.0,4.168000221252441
2023-08-14,15317.0,4.184000015258789
2023-08-15,15347.0,4.2210001945495605
2023-08-16,15311.5,4.257999897003174
2023-08-17,15362.0,4.308000087738037
2023-08-18,15362.5,4.250999927520752
2023-08-21,15278.0,4.3420000076293945
2023-08-22,15318.900390625,4.328000068664551
2023-08-23,15317.0,4.197999954223633
2023-08-24,15294.099609375,4.235000133514404
2023-08-25,15239.0,4.238999843597412
2023-08-28,15288.0,4.211999893188477
2023-08-29,15255.5,4.122000217437744
2023-08-30,15196.5,4.118000030517578
2023-08-31,15216.0,4.0929999351501465
2023-09-01,15231.0,4.172999858856201
2023-09-04,15233.0,
2023-09-05,15227.0,4.26800012588501
2023-09-06,15298.0,4.289999961853027
2023-09-07,15336.0,4.260000228881836
2023-09-08,15342.0,4.257999897003174
2023-09-11,15318.0,4.288000106811523
2023-09-12,15339.099609375,4.263999938964844
2023-09-13,15350.2001953125,4.249000072479248
2023-09-14,15353.0,4.288000106811523
2023-09-15,15395.0,4.322000026702881
2023-09-18,15346.0,4.318999767303467
2023-09-19,15377.0,4.364999771118164
2023-09-20,15384.5,4.348999977111816
2023-09-21,15361.0,4.480000019073486
2023-09-22,15400.5,4.438000202178955
2023-09-25,15368.0,4.541999816894531
2023-09-26,15405.0,4.558000087738037
2023-09-27,15493.0,4.625999927520752
2023-09-28,15569.0,4.5970001220703125
2023-09-29,15474.0,4.572999954223633
2023-10-02,15448.0,4.683000087738037
2023-10-03,15516.0,4.802000045776367
2023-10-04,15622.0,4.735000133514404
2023-10-05,15591.0,4.7170000076293945
2023-10-06,15631.0,4.783999919891357
2023-10-09,15603.0,4.796999931335449
2023-10-10,15691.400390625,4.65500020980835
2023-10-11,15718.5,4.59499979019165
2023-10-12,15693.0,4.711999893188477
2023-10-13,15739.0,4.629000186920166
2023-10-16,15676.0,4.711999893188477
2023-10-17,15675.0,4.8470001220703125
2023-10-18,15728.2001953125,4.9039998054504395
2023-10-19,15807.0,4.98799991607666
2023-10-20,15856.0,4.923999786376953
2023-10-23,15868.0,4.8379998207092285
2023-10-24,15874.0,4.840000152587891
2023-10-25,15868.0,4.953000068664551
2023-10-26,15877.5,4.84499979019165
2023-10-27,15920.0,4.84499979019165
2023-10-30,15903.5,4.875
2023-10-31,15843.0,4.875
2023-11-01,15748.7001953125,4.789000034332275
2023-11-02,15900.0,4.669000148773193
2023-11-03,15838.0,4.558000087738037
2023-11-06,15582.099609375,4.6620001792907715
2023-11-07,15570.0,4.571000099182129
2023-11-08,15643.599609375,4.5229997634887695
2023-11-09,15616.0,4.630000114440918
2023-11-10,15713.7001953125,4.627999782562256
2023-11-13,15683.0,4.631999969482422
2023-11-14,15667.0,4.440999984741211
2023-11-15,15281.0,4.534999847412109
2023-11-16,15487.7998046875,4.445000171661377
2023-11-17,15475.0,4.440999984741211
2023-11-20,15399.400390625,4.421999931335449
2023-11-21,15382.099609375,4.418000221252441
2023-11-22,15501.2998046875,4.415999889373779
2023-11-23,15612.7998046875,
2023-11-24,15495.0,4.4720001220703125
2023-11-27,15560.0,4.388999938964844
2023-11-28,15466.5,4.335999965667725
2023-11-29,15259.0,4.270999908447266
2023-11-30,15407.0,4.3520002365112305
2023-12-01,15549.2998046875,4.22599983215332
2023-12-04,15437.400390625,4.288000106811523
2023-12-05,15519.900390625,4.171000003814697
2023-12-06,15457.0,4.120999813079834
2023-12-07,15480.0,4.129000186920166
2023-12-08,15500.0,4.244999885559082
2023-12-11,15560.2001953125,4.238999843597412
2023-12-12,15647.0,4.205999851226807
2023-12-13,15569.0,4.0329999923706055
2023-12-14,15275.0,3.930000066757202
2023-12-15,15468.0,3.927999973297119
2023-12-18,15282.7998046875,3.9539999961853027
2023-12-19,15454.400390625,3.921999931335449
2023-12-20,15455.0,3.877000093460083
2023-12-21,15518.0,3.8940000534057617
2023-12-22,15440.0,3.9010000228881836
2023-12-25,15409.2001953125,
2023-12-26,15460.0,3.885999917984009
2023-12-27,15400.0,3.7890000343322754
2023-12-28,15373.0,3.8499999046325684
2023-12-29,15425.0,3.865999937057495
2024-01-01,15383.099609375,
2024-01-02,15383.0,3.946000099182129
2024-01-03,15498.0,3.9070000648498535
2024-01-04,15555.0,3.990999937057495
2024-01-05,15511.0,4.041999816894531
2024-01-08,15477.5,4.001999855041504
2024-01-09,15495.5,4.019000053405762
2024-01-10,15534.5,4.03000020980835
2024-01-11,15555.0,3.9769999980926514
2024-01-12,15556.5,3.950000047683716
2024-01-15,15503.2001953125,
2024-01-16,15546.0,4.065999984741211
2024-01-17,15625.0,4.105999946594238
2024-01-18,15624.0,4.144000053405762
2024-01-19,15613.099609375,4.145999908447266
2024-01-22,15601.0,4.093999862670898
2024-01-23,15655.5,4.142000198364258
2024-01-24,15715.0,4.177999973297119
2024-01-25,15714.5,4.131999969482422
2024-01-26,15808.0,4.159999847412109
2024-01-29,15767.599609375,4.091000080108643
2024-01-30,15828.0,4.059000015258789
2024-01-31,15785.0,3.9670000076293945
2024-02-01,15769.0,3.86299991607666
2024-02-02,15726.0,4.0329999923706055
2024-02-05,15727.2001953125,4.164000034332275
2024-02-06,15711.5,4.090000152587891
2024-02-07,15733.0,4.110000133514404
2024-02-08,15647.0,4.170000076293945
2024-02-09,15660.2998046875,4.186999797821045
2024-02-12,15598.0,4.171999931335449
2024-02-13,15579.5,4.315999984741211
2024-02-14,15661.5,4.267000198364258
2024-02-15,15553.099609375,4.239999771118164
2024-02-16,15672.0,4.295000076293945
2024-02-19,15628.599609375,
2024-02-20,15634.0,4.275000095367432
2024-02-21,15661.0,4.324999809265137
2024-02-22,15642.0,4.327000141143799
2024-02-23,15588.0,4.260000228881836
2024-02-26,15586.099609375,4.298999786376953
2024-02-27,15638.5,4.315000057220459
2024-02-28,15653.0,4.27400016784668
2024-02-29,15712.2001953125,4.251999855041504
2024-03-01,15704.0,4.179999828338623
2024-03-04,15691.900390625,4.218999862670898
2024-03-05,15766.0,4.13700008392334
2024-03-06,15751.5,4.104000091552734
2024-03-07,15668.0,4.0920000076293945
2024-03-08,15621.0,4.089000225067139
2024-03-11,15536.2998046875,4.104000091552734
2024-03-12,15518.0,4.15500020980835
2024-03-13,15546.0,4.191999912261963
2024-03-14,15574.0,4.297999858856201
2024-03-15,15630.0,4.303999900817871
2024-03-18,15639.2998046875,4.340000152587891
2024-03-19,15743.0,4.296999931335449
2024-03-20,15718.0,4.2729997634887695
2024-03-21,15687.0,4.270999908447266
2024-03-22,15723.5,4.2179999351501465
2024-03-25,15802.599609375,4.252999782562256
2024-03-26,15784.0,4.234000205993652
2024-03-27,15828.0,4.196000099182129
2024-03-28,15877.0,4.205999851226807
2024-03-29,15877.0,
2024-04-01,15848.0,4.328999996185303
2024-04-02,15945.7998046875,4.364999771118164
2024-04-03,15955.0,4.355000019073486
2024-04-04,15936.0,4.309000015258789
2024-04-05,15904.5,4.377999782562256
2024-04-08,15881.0,4.423999786376953
2024-04-09,15918.0,4.366000175476074
2024-04-10,15892.2998046875,4.559999942779541
2024-04-11,15998.2001953125,4.576000213623047
2024-04-12,16007.0,4.499000072479248
2024-04-15,16111.0,4.627999782562256
2024-04-16,16075.0,4.658999919891357
2024-04-17,16312.2001953125,4.585000038146973
2024-04-18,16246.0,4.646999835968018
2024-04-19,16220.0,4.614999771118164
2024-04-22,16210.2998046875,4.623000144958496
2024-04-23,16246.0,4.5980000495910645
2024-04-24,16140.2001953125,4.6519999504089355
2024-04-25,16220.0,4.705999851226807
2024-04-26,16202.0,4.669000148773193
2024-04-29,16203.0,4.613999843597412
2024-04-30,16246.0,4.685999870300293
2024-05-01,16273.0,4.59499979019165
2024-05-02,16190.400390625,4.571000099182129
2024-05-03,16097.0,4.5
2024-05-06,16077.0,4.488999843597412
2024-05-07,16034.0,4.4629998207092285
2024-05-08,16073.0,4.492000102996826
2024-05-09,16074.0,4.448999881744385
2024-05-10,16030.0,4.504000186920166
2024-05-13,16038.0,4.480999946594238
2024-05-14,16121.0,4.445000171661377
2024-05-15,16102.0,4.355999946594238
2024-05-16,15914.0,4.376999855041504
2024-05-17,15930.7998046875,4.420000076293945
2024-05-20,15958.0,4.436999797821045
2024-05-21,16031.0,4.414000034332275
2024-05-22,16005.0,4.434000015258789
2024-05-23,16040.7001953125,4.474999904632568
2024-05-24,16095.0,4.4670000076293945
2024-05-27,16038.0,
2024-05-28,16071.0,4.541999816894531
2024-05-29,16117.0,4.624000072479248
2024-05-30,16232.099609375,4.553999900817871
2024-05-31,16228.0,4.513999938964844
2024-06-03,16243.0,4.4019999504089355
2024-06-04,16203.0,4.335999965667725
2024-06-05,16276.0,4.289000034332275
2024-06-06,16315.0,4.281000137329102
2024-06-07,16241.7001953125,4.429999828338623
2024-06-10,16270.0,4.468999862670898
2024-06-11,16312.0,4.4039998054504395
2024-06-12,16305.400390625,4.295000076293945
2024-06-13,16230.0,4.23799991607666
2024-06-14,16286.0,4.2129998207092285
2024-06-17,16479.900390625,4.2789998054504395
2024-06-18,16479.0,4.2170000076293945
2024-06-19,16379.0,
2024-06-20,16380.900390625,4.254000186920166
2024-06-21,16491.900390625,4.256999969482422
2024-06-24,16443.0,4.248000144958496
2024-06-25,16394.099609375,4.23799991607666
2024-06-26,16401.0,4.315999984741211
2024-06-27,16434.0,4.288000106811523
2024-06-28,16374.400390625,4.3429999351501465
2024-07-01,16343.0,4.479000091552734
2024-07-02,16390.0,4.435999870300293
2024-07-03,16391.0,4.355000019073486
2024-07-04,16340.0,
2024-07-05,16328.5,4.271999835968018
2024-07-08,16245.0,4.269000053405762
2024-07-09,16277.2001953125,4.300000190734863
2024-07-10,16277.0,4.28000020980835
2024-07-11,16198.0,4.192999839782715
2024-07-12,16104.0,4.189000129699707
2024-07-15,16108.0,4.229000091552734
2024-07-16,16195.0,4.166999816894531
2024-07-17,16173.0,4.145999908447266
2024-07-18,16138.0,4.189000129699707
2024-07-19,16185.0,4.238999843597412
2024-07-22,16206.0,4.260000228881836
2024-07-23,16220.2001953125,4.238999843597412
2024-07-24,16222.0,4.285999774932861
2024-07-25,16246.0,4.25600004196167
2024-07-26,16337.7998046875,4.199999809265137
2024-07-29,16283.0,4.177999973297119
2024-07-30,16301.7001953125,4.14300012588501
2024-07-31,16328.5,4.109000205993652
2024-08-01,16255.0,3.9760000705718994
2024-08-02,16281.0,3.7920000553131104
2024-08-05,16012.0,3.7850000858306885
2024-08-06,16208.0,3.888000011444092
2024-08-07,16152.2998046875,3.9679999351501465
2024-08-08,16023.0,3.996999979019165
2024-08-09,15979.0,3.941999912261963
2024-08-12,15918.0,3.9089999198913574
2024-08-13,15949.099609375,3.8519999980926514
2024-08-14,15749.0,3.819999933242798
2024-08-15,15619.5,3.9260001182556152
2024-08-16,15755.0,3.8919999599456787
2024-08-19,15683.0,3.867000102996826
2024-08-20,15523.0,3.818000078201294
2024-08-21,15442.0,3.7780001163482666
2024-08-22,15484.0,3.861999988555908
2024-08-23,15728.5,3.806999921798706
2024-08-26,15377.2001953125,3.818000078201294
2024-08-27,15462.599609375,3.8329999446868896
2024-08-28,15467.099609375,3.8410000801086426
2024-08-29,15440.0,3.867000102996826
2024-08-30,15444.7998046875,3.9110000133514404
2024-09-02,15525.0,
2024-09-03,15520.099609375,3.8440001010894775
2024-09-04,15532.900390625,3.7679998874664307
2024-09-05,15444.400390625,3.7309999465942383
2024-09-06,15417.0,3.7100000381469727
2024-09-09,15405.0,3.697000026702881
2024-09-10,15456.7998046875,3.6459999084472656
2024-09-11,15489.0,3.6530001163482666
2024-09-12,15437.0,3.680000066757202
2024-09-13,15418.7001953125,3.6500000953674316
2024-09-16,15393.0,3.621000051498413
2024-09-17,15385.0,3.6419999599456787
2024-09-18,15345.0,3.684999942779541
2024-09-19,15300.2001953125,3.740000009536743
2024-09-20,15197.599609375,3.7279999256134033
2024-09-23,15154.0,3.739000082015991
2024-09-24,15174.099609375,3.7360000610351562
2024-09-25,15121.099609375,3.7809998989105225
2024-09-26,15201.5,3.7909998893737793
2024-09-27,15070.0,3.749000072479248
2024-09-30,15118.0,3.802000045776367
2024-10-01,15170.599609375,3.743000030517578
2024-10-02,15260.599609375,3.7850000858306885
2024-10-03,15324.0,3.8499999046325684
2024-10-04,15457.0,3.9809999465942383
2024-10-07,15650.0,4.026000022888184
2024-10-08,15744.0,4.0329999923706055
2024-10-09,15682.400390625,4.066999912261963
2024-10-10,15664.599609375,4.0960001945495605
2024-10-11,15670.900390625,4.072999954223633
2024-10-14,15562.0,4.0980000495910645
2024-10-15,15573.0,4.038000106811523
2024-10-16,15578.599609375,4.015999794006348
2024-10-17,15583.900390625,4.0960001945495605
2024-10-18,15493.0,4.072999954223633
2024-10-21,15467.0,4.182000160217285
2024-10-22,15556.0,4.203999996185303
2024-10-23,15586.0,4.242000102996826
2024-10-24,15663.0,4.199999809265137
2024-10-25,15621.5,4.23199987411499
2024-10-28,15688.099609375,4.2779998779296875
2024-10-29,15747.0,4.27400016784668
2024-10-30,15768.0,4.265999794006348
2024-10-31,15695.5,4.283999919891357
2024-11-01,15713.0,4.361000061035156
2024-11-04,15842.0,4.309000015258789
2024-11-05,15790.0,4.289000034332275
2024-11-06,15665.0,4.426000118255615
2024-11-07,15818.2001953125,4.341000080108643
2024-11-08,15558.0,4.306000232696533
2024-11-11,15647.2001953125,4.308000087738037
2024-11-12,15765.0,4.432000160217285
2024-11-13,15788.900390625,4.451000213623047
2024-11-14,15847.2001953125,4.418000221252441
2024-11-15,15933.2998046875,4.427999973297119
2024-11-18,15891.2998046875,4.414000034332275
2024-11-19,15806.099609375,4.379000186920166
2024-11-20,15817.099609375,4.406000137329102
2024-11-21,15913.0,4.432000160217285
2024-11-22,15816.900390625,4.409999847412109
2024-11-25,15940.0,4.264999866485596
2024-11-26,15901.2001953125,4.302000045776367
2024-11-27,15930.0,4.242000102996826
2024-11-28,15863.5,
2024-11-29,15878.0,4.177999973297119
2024-12-02,15829.0,4.196000099182129
2024-12-03,15910.0,4.2230000495910645
2024-12-04,15940.0,4.179999828338623
2024-12-05,15906.599609375,4.179999828338623
2024-12-06,15839.7998046875,4.151000022888184
2024-12-09,15825.7998046875,4.198999881744385
2024-12-10,15864.0,4.2210001945495605
2024-12-11,15908.0,4.270999908447266
2024-12-12,15963.0,4.323999881744385
2024-12-13,15967.400390625,4.39900016784668
2024-12-16,16025.7998046875,4.396999835968018
2024-12-17,15955.0,4.385000228881836
2024-12-18,15926.2001953125,4.49399995803833
2024-12-19,16145.2998046875,4.570000171661377
2024-12-20,15981.2998046875,4.52400016784668
2024-12-23,16159.2998046875,4.598999977111816
2024-12-24,16217.599609375,4.591000080108643
2024-12-25,15970.7998046875,
2024-12-26,15069.400390625,4.578999996185303
2024-12-27,16189.0,4.61899995803833
2024-12-30,16178.0,4.545000076293945
2024-12-31,16085.599609375,4.572999954223633
2025-01-02,16230.5,4.574999809265137
2025-01-03,16201.099609375,4.5960001945495605
2025-01-06,16178.7998046875,4.618000030517578
2025-01-07,16179.099609375,4.683000087738037
2025-01-08,16157.7001953125,4.692999839782715
2025-01-09,16187.599609375,
2025-01-10,16237.0,4.776000022888184
2025-01-13,16268.0,4.802999973297119
2025-01-14,16295.2001953125,4.788000106811523
2025-01-15,16320.0,4.6529998779296875
2025-01-16,16360.7998046875,4.605999946594238
2025-01-17,16368.7998046875,4.609000205993652
2025-01-20,16367.099609375,
2025-01-21,16245.0,4.573999881744385
2025-01-22,16330.7998046875,4.598999977111816
2025-01-23,16232.7998046875,4.638000011444092
2025-01-24,16230.900390625,4.625999927520752
2025-01-27,16164.900390625,4.5279998779296875
2025-01-28,16155.599609375,4.551000118255615
2025-01-29,15881.2001953125,4.554999828338623
2025-01-30,16238.0,4.51200008392334
2025-01-31,16274.5,4.568999767303467
2025-02-03,16341.2998046875,4.543000221252441
2025-02-04,16320.0,4.513000011444092
2025-02-05,16299.099609375,4.421999931335449
2025-02-06,16298.099609375,4.440000057220459
2025-02-07,16327.0,4.486999988555908
2025-02-10,16314.7001953125,4.493000030517578
2025-02-11,16330.099609375,4.5370001792907715
2025-02-12,16343.2998046875,4.63700008392334
2025-02-13,16375.0,4.525000095367432
2025-02-14,16219.0,4.4720001220703125
2025-02-17,16173.0,
2025-02-18,16220.0,4.544000148773193
2025-02-19,16317.0,4.534999847412109
2025-02-20,16346.400390625,4.5
2025-02-21,16245.099609375,4.420000076293945
2025-02-24,16278.0,4.39300012588501
2025-02-25,16279.2998046875,4.297999858856201
2025-02-26,16314.0,4.249000072479248
2025-02-27,16367.400390625,4.284999847412109
2025-02-28,16553.69921875,4.230999946594238
2025-03-03,16522.0,4.179999828338623
2025-03-04,16451.19921875,4.210000038146973
2025-03-05,16379.0,4.264999866485596
2025-03-06,16268.900390625,4.285999774932861
2025-03-07,16322.099609375,4.316999912261963
2025-03-10,16292.599609375,4.2129998207092285
2025-03-11,16324.0,4.288000106811523
2025-03-12,16433.900390625,4.317999839782715
2025-03-13,16305.599609375,4.27400016784668
2025-03-14,16259.2998046875,4.308000087738037
2025-03-17,16321.0,4.306000232696533
2025-03-18,16370.0,4.281000137329102
2025-03-19,16514.5,4.25600004196167
2025-03-20,16330.2998046875,4.232999801635742
2025-03-21,16428.5,4.251999855041504
2025-03-24,16519.0,4.330999851226807
2025-03-25,16575.80078125,4.307000160217285
2025-03-26,16621.0,4.3379998207092285
2025-03-27,16629.0,4.36899995803833
2025-03-28,16560.900390625,4.255000114440918
2025-03-31,16575.0,4.245999813079834
2025-04-01,16652.0,4.156000137329102
2025-04-02,16731.400390625,4.196000099182129
2025-04-03,16739.0,4.054999828338623
2025-04-04,16739.80078125,3.984999895095825
2025-04-07,16738.0,4.15500020980835
2025-04-08,16855.69921875,4.26200008392334
2025-04-09,17051.900390625,4.400000095367432
2025-04-10,16805.5,4.394000053405762
2025-04-11,16833.80078125,4.493000030517578
2025-04-14,16788.0,4.363999843597412
2025-04-15,16780.0,4.322999954223633
2025-04-16,16813.5,4.2789998054504395
2025-04-17,16794.599609375,4.333000183105469
2025-04-22,16814.900390625,4.388999938964844
2025-04-23,16858.099609375,4.38700008392334
2025-04-24,16846.0,4.304999828338623
2025-04-25,16778.5,4.265999794006348
2025-04-28,16823.0,4.216000080108643
2025-04-29,16795.0,4.172999858856201
2025-04-30,16711.900390625,4.177000045776367
2025-05-01,16545.900390625,4.230999946594238
2025-05-02,16606.0,4.322000026702881
2025-05-05,16460.0,4.3429999351501465
2025-05-06,16421.5,4.308000087738037
2025-05-07,16432.0,4.275000095367432
2025-05-08,16492.599609375,4.373000144958496
2025-05-09,16538.30078125,4.375
2025-05-12,16543.0,4.456999778747559
2025-05-13,16688.80078125,4.499000072479248
2025-05-14,16599.400390625,4.5279998779296875
2025-05-15,16558.19921875,4.454999923706055
2025-05-16,16511.80078125,4.440999984741211
2025-05-19,16487.0,4.474999904632568
2025-05-20,16428.0,4.480999946594238
2025-05-21,16403.0,4.5960001945495605
2025-05-22,16347.599609375,4.552999973297119
2025-05-23,16356.900390625,4.508999824523926
2025-05-26,16211.0,
2025-05-27,16243.5,4.434000015258789
2025-05-28,16279.0,4.4770002365112305
2025-05-29,16286.0,4.423999786376953
2025-05-30,16293.0,4.415999889373779
2025-06-02,16322.0,4.461999893188477
2025-06-03,16288.5,4.460000038146973
2025-06-04,16332.400390625,4.364999771118164
2025-06-05,16291.5,4.394000053405762
2025-06-06,16246.400390625,4.510000228881836
2025-06-09,16309.0,4.48199987411499
2025-06-10,16278.7998046875,4.473999977111816
2025-06-11,16247.7998046875,4.4120001792907715
2025-06-12,15778.0,4.35699987411499
2025-06-13,16164.5,4.423999786376953
2025-06-16,16282.599609375,4.452000141143799
2025-06-17,15801.0,4.39300012588501
2025-06-18,16275.0,4.396999835968018
2025-06-19,15598.5,
2025-06-20,16390.0,4.375
2025-06-23,16431.0,4.320000171661377
2025-06-24,16370.0,4.293000221252441
2025-06-25,16290.0,4.293000221252441
2025-06-26,16290.0,4.252999782562256
2025-06-27,16222.7998046875,4.2829999923706055
2025-06-30,16229.0,4.230000019073486
2025-07-01,16230.0,4.250999927520752
2025-07-02,16236.400390625,4.293000221252441
2025-07-03,16235.0,4.3480000495910645
2025-07-04,16203.7001953125,
2025-07-07,16178.0,4.394999980926514
2025-07-08,16318.900390625,4.414999961853027
2025-07-09,16261.0,4.3420000076293945
2025-07-10,16235.0,4.3460001945495605
2025-07-11,16209.099609375,4.422999858856201
2025-07-14,16222.0,4.427000045776367
2025-07-15,16256.2001953125,4.488999843597412
2025-07-16,16252.099609375,4.454999923706055
2025-07-17,16271.2001953125,4.4629998207092285
2025-07-18,16329.7001953125,4.432000160217285
2025-07-21,16321.0,4.372000217437744
2025-07-22,16329.5,4.335999965667725
2025-07-23,16245.2998046875,4.388000011444092
2025-07-24,16266.099609375,4.4079999923706055
2025-07-25,16307.0,4.386000156402588
2025-07-28,16353.0,4.420000076293945
2025-07-29,16398.80078125,4.329999923706055
2025-07-30,16367.900390625,4.375999927520752
2025-07-31,16426.80078125,4.360000133514404
2025-08-01,16483.0,4.21999979019165
2025-08-04,16483.0,4.199999809265137
2025-08-05,16362.0,4.196000099182129
2025-08-06,16377.5,4.21999979019165
2025-08-07,16334.7001953125,4.24399995803833
2025-08-08,16300.0,4.284999847412109
2025-08-11,16249.0,4.2729997634887695
2025-08-12,16298.0,4.293000221252441
2025-08-13,16248.2001953125,4.23799991607666
2025-08-14,16109.0,4.293000221252441
2025-08-15,16169.0,4.328000068664551
2025-08-18,16196.0,4.341000080108643
2025-08-19,16205.400390625,4.302000045776367
2025-08-20,16275.2001953125,4.296000003814697
2025-08-21,16263.599609375,4.329999923706055
2025-08-22,16339.7001953125,4.260000228881836
2025-08-25,16227.0,4.275000095367432
2025-08-26,16267.0,4.257999897003174
2025-08-27,16299.2001953125,4.23799991607666
2025-08-28,16314.0,4.206999778747559
2025-08-29,16344.2998046875,4.2270002365112305
2025-09-01,16409.0,
2025-09-02,16405.19921875,4.2769999504089355
2025-09-03,16443.900390625,4.210999965667725
2025-09-04,16463.0,4.176000118255615
2025-09-05,16452.099609375,4.085999965667725
2025-09-08,16392.0,4.046000003814697
2025-09-09,16446.099609375,4.073999881744385
2025-09-10,16449.900390625,4.0320000648498535
2025-09-11,16439.0,4.011000156402588
2025-09-12,16413.599609375,4.060999870300293
2025-09-15,16401.0,4.033999919891357
2025-09-16,16364.599609375,4.026000022888184
2025-09-17,16398.099609375,4.076000213623047
2025-09-18,16418.599609375,4.104000091552734
2025-09-19,16569.099609375,4.138999938964844
2025-09-22,16637.0,4.14300012588501
2025-09-23,16582.0,4.119999885559082
2025-09-24,16633.0,4.146999835968018
2025-09-25,16695.099609375,4.171999931335449
2025-09-26,16759.099609375,4.186999797821045
2025-09-29,16723.0,4.140999794006348
2025-09-30,16628.0,4.1479997634887695
2025-10-01,16683.0,4.105999946594238
2025-10-02,16644.099609375,4.0879998207092285
2025-10-03,16601.5,4.11899995803833
2025-10-06,16558.0,4.1620001792907715
2025-10-07,16596.5,4.126999855041504
2025-10-08,16587.0,4.129000186920166
2025-10-09,16556.0,4.1479997634887695
2025-10-10,16577.69921875,4.051000118255615
2025-10-13,16598.0,4.051000118255615
2025-10-14,16548.0,4.021999835968018
2025-10-15,16585.900390625,4.046000003814697
2025-10-16,16575.0,3.9760000705718994
2025-10-17,16561.900390625,4.006999969482422
2025-10-20,16566.0,3.9860000610351562
2025-10-21,16542.0,3.9630000591278076
2025-10-22,16598.900390625,3.953000068664551
2025-10-23,16596.599609375,3.990999937057495
2025-10-24,16593.80078125,3.996999979019165
2025-10-27,16597.80078125,3.996999979019165
2025-10-28,16158.2001953125,3.9830000400543213
2025-10-29,16561.779296875,4.058000087738037
2025-10-30,16562.0,4.0929999351501465
2025-10-31,16150.0,4.10099983215332
2025-11-03,16630.0,4.105999946594238
2025-11-04,16640.900390625,4.089000225067139
2025-11-05,16707.0,4.1570000648498535
2025-11-06,16669.0,4.0929999351501465
2025-11-07,16694.099609375,4.0929999351501465
2025-11-10,16653.0,4.110000133514404
2025-11-11,16690.0,4.119999885559082
2025-11-12,16694.900390625,4.065000057220459
2025-11-13,16729.0,4.111999988555908
2025-11-14,16719.0,4.1479997634887695
2025-11-17,16679.5,4.132999897003174
2025-11-18,16738.900390625,4.123000144958496
2025-11-19,16727.69921875,4.132999897003174
2025-11-20,16686.69921875,4.105999946594238
2025-11-21,16731.0,4.063000202178955
2025-11-24,16639.0,4.038000106811523
2025-11-25,16645.0,4.001999855041504
2025-11-26,16633.5,3.997999906539917
2025-11-27,16614.69921875,
2025-11-28,16603.900390625,4.017000198364258
2025-12-01,16635.0,4.0960001945495605
2025-12-02,16609.0,4.085999965667725
2025-12-03,16609.900390625,4.057000160217285
2025-12-04,16594.0,4.107999801635742
2025-12-05,16654.400390625,4.138999938964844
2025-12-08,16683.0,4.171999931335449
2025-12-09,16686.0,4.185999870300293
2025-12-10,16662.0,4.164000034332275
2025-12-11,16639.0,4.140999794006348
2025-12-12,16649.0,4.193999767303467
2025-12-15,16623.099609375,4.182000160217285
2025-12-16,16645.80078125,4.14900016784668
2025-12-17,16644.599609375,4.151000022888184
2025-12-18,16657.0,4.116000175476074
2025-12-19,16685.19921875,4.151000022888184
2025-12-22,16678.5,4.169000148773193
2025-12-23,16756.400390625,4.169000148773193
2025-12-24,16735.0,4.136000156402588
2025-12-26,16753.099609375,4.136000156402588
2025-12-29,16741.099609375,4.116000175476074
2025-12-30,16770.0,4.130000114440918
2025-12-31,16709.0,4.163000106811523
2026-01-02,16668.0,4.186999797821045
2026-01-05,16683.0,4.164999961853027
2026-01-06,16727.19921875,4.178999900817871
2026-01-07,16742.0,4.138000011444092
2026-01-08,16753.0,4.183000087738037
2026-01-09,16805.69921875,4.171000003814697
2026-01-12,16826.69921875,4.186999797821045
2026-01-13,16859.400390625,4.171000003814697
2026-01-14,16840.80078125,4.139999866485596
2026-01-15,16845.099609375,4.159999847412109
2026-01-16,16878.900390625,4.230999946594238
2026-01-19,16876.599609375,
2026-01-20,16939.0,4.295000076293945
2026-01-21,16960.099609375,4.252999782562256
2026-01-22,16897.0,4.249000072479248
2026-01-23,16820.0,4.238999843597412
2026-01-26,16770.0,4.2129998207092285
2026-01-27,16734.0,4.2230000495910645
2026-01-28,16674.69921875,4.250999927520752
2026-01-29,16722.80078125,4.2270002365112305
2026-01-30,16778.30078125,4.241000175476074
2026-02-02,16758.400390625,4.275000095367432
2026-02-03,16758.400390625,4.27400016784668
2026-02-04,16759.0,4.275000095367432
2026-02-05,16800.0,4.210000038146973
2026-02-06,16879.900390625,4.205999851226807
2026-02-09,16843.5,4.197999954223633
2026-02-10,16796.0,4.146999835968018
2026-02-11,16778.0,4.171999931335449
2026-02-12,16793.900390625,4.104000091552734
2026-02-13,16809.0,4.056000232696533
2026-02-16,16826.099609375,
2026-02-17,16806.599609375,4.052000045776367
2026-02-18,16840.0,4.078999996185303
2026-02-19,16915.30078125,4.074999809265137
2026-02-20,16887.19921875,4.085999965667725
2026-02-23,16843.400390625,4.0289998054504395
2026-02-24,16804.30078125,4.0329999923706055
2026-02-25,16816.80078125,4.047999858856201
2026-02-26,16749.80078125,4.017000198364258
2026-02-27,16749.0,3.9619998931884766
2026-03-02,16795.0,4.047999858856201
2026-03-03,16863.0,4.056000232696533
2026-03-04,16898.099609375,4.079999923706055
2026-03-05,16865.0,4.145999908447266
2026-03-06,16913.099609375,4.132999897003174
2026-03-09,16923.69921875,4.136000156402588
2026-03-10,16886.0,4.136000156402588
2026-03-11,16852.0,4.208000183105469
2026-03-12,16884.0,4.2729997634887695
2026-03-13,16908.0,4.284999847412109
2026-03-16,16952.099609375,4.21999979019165
2026-03-17,16953.099609375,4.202000141143799
2026-03-18,16971.30078125,4.258999824523926
2026-03-19,17041.69921875,4.281000137329102
2026-03-20,16915.900390625,4.390999794006348
2026-03-23,16959.30078125,4.334000110626221
2026-03-24,16865.099609375,4.392000198364258
2026-03-25,16797.30078125,4.328000068664551
2026-03-26,16749.599609375,4.415999889373779
2026-03-27,16925.0,4.440000057220459
2026-03-30,16958.0,4.3420000076293945
2026-03-31,16975.400390625,4.310999870300293
2026-04-01,16936.400390625,4.318999767303467
2026-04-02,16924.099609375,4.313000202178955
2026-04-03,16959.0,
2026-04-06,16988.0,4.335000038146973
2026-04-07,17015.30078125,4.3429999351501465
2026-04-08,17027.400390625,4.290999889373779
2026-04-09,17005.5,4.293000221252441
2026-04-10,17059.0,4.316999912261963
2026-04-13,17083.0,4.296999931335449
2026-04-14,17079.19921875,4.25600004196167
2026-04-15,17129.0,4.2820000648498535
2026-04-16,17146.099609375,4.309000015258789
2026-04-17,17123.0,4.245999813079834
2026-04-20,17133.0,4.25
2026-04-21,17123.80078125,4.291999816894531
2026-04-22,17133.099609375,4.294000148773193
2026-04-23,17199.5,4.322999954223633
2026-04-24,17329.0,4.309999942779541
2026-04-27,17246.0,4.335999965667725
2026-04-28,17216.0,4.354000091552734
2026-04-29,17244.0,4.418000221252441
2026-04-30,17334.19921875,4.389999866485596
2026-05-01,17311.0,4.377999782562256
2026-05-04,17288.5,4.446000099182129
2026-05-05,17346.19921875,4.415999889373779
2026-05-06,17389.80078125,4.355999946594238
2026-05-07,17296.900390625,4.392000198364258
2026-05-08,17294.900390625,4.363999843597412
2026-05-11,17358.0,4.409999847412109
2026-05-12,17413.0,4.4629998207092285
2026-05-13,17549.0,4.480999946594238
2026-05-14,17500.0,4.460999965667725
2026-05-15,17530.599609375,4.59499979019165
2026-05-18,17586.0,4.623000144958496
2026-05-19,17701.0,4.666999816894531
2026-05-20,17777.0,4.572000026702881
2026-05-21,17658.400390625,4.585999965667725
2026-05-22,17692.0,4.558000087738037
2026-05-25,17692.0,
2026-05-26,17762.0,4.493000030517578
2026-05-27,17699.69921875,4.480999946594238
2026-05-28,17804.0,4.454999923706055
2026-05-29,17840.0,4.453000068664551
2026-06-01,17817.0,4.474999904632568
2026-06-02,17864.0,4.454999923706055
2026-06-03,17858.0,4.491000175476074
2026-06-04,18004.19921875,4.4770002365112305
2026-06-05,17955.5,4.535999774932861
2026-06-08,18029.0,4.552000045776367
2026-06-09,18190.30078125,4.5279998779296875
2026-06-10,18031.0,4.541999816894531
2026-06-11,17875.900390625,4.4629998207092285
2026-06-12,17921.0,4.486999988555908
2026-06-15,17772.0,4.468999862670898
2026-06-16,17716.0,4.427999973297119
2026-06-17,17730.0,4.4629998207092285
2026-06-18,17891.0,4.451000213623047
2026-06-19,17794.400390625,
2026-06-22,17788.0,4.508999824523926
2026-06-23,17862.0,4.493000030517578
2026-06-24,17916.0,4.4019999504089355
2026-06-25,17990.0,4.392000198364258
2026-06-26,17995.0,4.372000217437744
2026-06-29,17830.0,4.374000072479248
2026-06-30,17925.0,4.418000221252441
2026-07-01,17935.0,4.474999904632568
2026-07-02,17998.0,4.485000133514404
2026-07-03,17787.900390625,
2026-07-06,17998.0,4.479000091552734
2026-07-07,18046.0,4.5289998054504395
2026-07-08,17979.0,4.568999767303467
2026-07-09,18125.0,4.539000034332275
2026-07-10,18125.0,4.568999767303467
2026-07-13,18065.0,4.609000205993652
2026-07-14,18111.0,4.585000038146973
2026-07-15,18157.0,4.545000076293945
2026-07-16,18068.80078125,4.568999767303467
2026-07-17,17985.0,4.540999889373779
2026-07-20,17934.0,4.5980000495910645
2026-07-21,17931.0,4.627999782562256
2026-07-22,17911.0,4.6570000648498535
2026-07-23,17917.0,4.703000068664551
2026-07-24,17968.0,4.678999900817871
